Date/Time,Weather,Filename
2016-12-26 12:00,"rain,fog,snow",katkam-20161226120000
2016-12-07 15:00,clear,katkam-20161207150000
2016-06-16 10:00,,katkam-20160616100000
2016-10-11 13:00,clear,katkam-20161011130000
2016-09-16 14:00,cloudy,katkam-20160916140000
2017-08-10 15:00,cloudy,katkam-20170810150000
2016-09-26 11:00,clear,katkam-20160926110000
2017-03-29 18:00,cloudy,katkam-20170329180000
2016-09-11 12:00,clear,katkam-20160911120000
2017-01-21 06:00,,katkam-20170121060000
2017-05-18 07:00,cloudy,katkam-20170518070000
2017-06-30 21:00,clear,katkam-20170630210000
2016-10-20 08:00,cloudy,katkam-20161020080000
2017-02-09 07:00,rain,katkam-20170209070000
2016-06-13 18:00,cloudy,katkam-20160613180000
2017-05-10 14:00,cloudy,katkam-20170510140000
2017-08-15 12:00,clear,katkam-20170815120000
2016-12-02 17:00,"cloudy,rain",katkam-20161202170000
2016-11-22 06:00,cloudy,katkam-20161122060000
2016-08-20 17:00,"clear,cloudy",katkam-20160820170000
2017-10-31 14:00,cloudy,katkam-20171031140000
2016-06-18 20:00,,katkam-20160618200000
2016-06-20 09:00,cloudy,katkam-20160620090000
2016-08-16 13:00,clear,katkam-20160816130000
2017-07-12 06:00,"clear,cloudy",katkam-20170712060000
2016-12-24 12:00,cloudy,katkam-20161224120000
2017-07-19 13:00,clear,katkam-20170719130000
2017-02-14 14:00,cloudy,katkam-20170214140000
2017-08-19 14:00,clear,katkam-20170819140000
2017-03-06 12:00,cloudy,katkam-20170306120000
2017-07-13 16:00,clear,katkam-20170713160000
2016-08-24 09:00,clear,katkam-20160824090000
2016-08-25 10:00,clear,katkam-20160825100000
2016-10-17 11:00,rain,katkam-20161017110000
2017-06-07 13:00,cloudy,katkam-20170607130000
2016-07-24 18:00,clear,katkam-20160724180000
2017-02-15 15:00,rain,katkam-20170215150000
2017-08-18 10:00,cloudy,katkam-20170818100000
2017-04-08 09:00,rain,katkam-20170408090000
2016-06-27 15:00,clear,katkam-20160627150000
2017-10-11 07:00,,katkam-20171011070000
2017-04-24 07:00,cloudy,katkam-20170424070000
2017-07-24 14:00,clear,katkam-20170724140000
2016-11-24 07:00,rain,katkam-20161124070000
2017-01-25 07:00,cloudy,katkam-20170125070000
2017-07-24 21:00,clear,katkam-20170724210000
2017-01-18 13:00,rain,katkam-20170118130000
2017-05-22 10:00,clear,katkam-20170522100000
2016-09-19 14:00,cloudy,katkam-20160919140000
2017-05-13 19:00,cloudy,katkam-20170513190000
2016-06-12 20:00,,katkam-20160612200000
2017-10-18 17:00,rain,katkam-20171018170000
2017-01-16 07:00,cloudy,katkam-20170116070000
2017-07-07 21:00,clear,katkam-20170707210000
2017-01-02 11:00,clear,katkam-20170102110000
2017-05-16 16:00,cloudy,katkam-20170516160000
2016-10-05 12:00,clear,katkam-20161005120000
2017-09-09 20:00,cloudy,katkam-20170909200000
2016-11-16 16:00,cloudy,katkam-20161116160000
2017-06-03 10:00,cloudy,katkam-20170603100000
2017-01-19 08:00,"cloudy,rain",katkam-20170119080000
2017-02-22 17:00,clear,katkam-20170222170000
2017-02-14 17:00,cloudy,katkam-20170214170000
2016-08-09 06:00,,katkam-20160809060000
2017-06-14 07:00,"clear,cloudy",katkam-20170614070000
2017-07-15 18:00,clear,katkam-20170715180000
2016-06-11 20:00,,katkam-20160611200000
2017-07-13 12:00,clear,katkam-20170713120000
2017-07-27 15:00,clear,katkam-20170727150000
2017-09-20 17:00,cloudy,katkam-20170920170000
2017-06-09 17:00,cloudy,katkam-20170609170000
2017-02-15 10:00,rain,katkam-20170215100000
2017-03-25 10:00,cloudy,katkam-20170325100000
2017-05-29 08:00,cloudy,katkam-20170529080000
2017-03-04 13:00,cloudy,katkam-20170304130000
2017-10-01 17:00,clear,katkam-20171001170000
2017-04-16 16:00,cloudy,katkam-20170416160000
2016-09-28 16:00,clear,katkam-20160928160000
2016-07-02 10:00,"clear,cloudy",katkam-20160702100000
2017-02-16 07:00,cloudy,katkam-20170216070000
2017-02-23 17:00,"clear,cloudy",katkam-20170223170000
2016-07-17 15:00,clear,katkam-20160717150000
2017-03-28 14:00,rain,katkam-20170328140000
2017-10-10 13:00,cloudy,katkam-20171010130000
2016-06-09 15:00,cloudy,katkam-20160609150000
2016-12-09 16:00,"rain,fog,snow",katkam-20161209160000
2017-07-26 20:00,clear,katkam-20170726200000
2017-09-21 07:00,cloudy,katkam-20170921070000
2017-08-18 06:00,cloudy,katkam-20170818060000
2016-11-17 09:00,cloudy,katkam-20161117090000
2016-08-02 08:00,cloudy,katkam-20160802080000
2017-07-19 11:00,clear,katkam-20170719110000
2017-04-01 13:00,"cloudy,rain",katkam-20170401130000
2017-07-31 16:00,clear,katkam-20170731160000
2017-05-08 18:00,cloudy,katkam-20170508180000
2016-10-04 19:00,cloudy,katkam-20161004190000
2017-08-16 14:00,clear,katkam-20170816140000
2017-05-30 07:00,rain,katkam-20170530070000
2016-08-31 11:00,cloudy,katkam-20160831110000
2017-04-10 07:00,"cloudy,rain",katkam-20170410070000
2017-04-27 06:00,cloudy,katkam-20170427060000
2017-04-22 07:00,cloudy,katkam-20170422070000
2017-03-20 18:00,cloudy,katkam-20170320180000
2016-08-05 17:00,cloudy,katkam-20160805170000
2016-06-26 08:00,clear,katkam-20160626080000
2016-06-26 10:00,cloudy,katkam-20160626100000
2016-09-21 10:00,clear,katkam-20160921100000
2017-09-09 19:00,cloudy,katkam-20170909190000
2017-04-21 08:00,clear,katkam-20170421080000
2017-05-22 19:00,clear,katkam-20170522190000
2016-07-13 06:00,cloudy,katkam-20160713060000
2017-02-22 13:00,cloudy,katkam-20170222130000
2017-08-30 14:00,clear,katkam-20170830140000
2017-02-17 17:00,cloudy,katkam-20170217170000
2017-02-18 08:00,rain,katkam-20170218080000
2017-05-10 19:00,cloudy,katkam-20170510190000
2016-11-15 10:00,"cloudy,rain",katkam-20161115100000
2017-10-05 17:00,clear,katkam-20171005170000
2016-06-16 18:00,cloudy,katkam-20160616180000
2016-11-25 07:00,cloudy,katkam-20161125070000
2017-08-31 19:00,clear,katkam-20170831190000
2016-12-22 07:00,cloudy,katkam-20161222070000
2016-07-08 08:00,cloudy,katkam-20160708080000
2016-08-01 10:00,clear,katkam-20160801100000
2017-03-07 14:00,"rain,snow",katkam-20170307140000
2017-02-28 14:00,cloudy,katkam-20170228140000
2016-07-27 12:00,clear,katkam-20160727120000
2016-10-30 06:00,cloudy,katkam-20161030060000
2017-04-27 07:00,cloudy,katkam-20170427070000
2016-12-12 14:00,,katkam-20161212140000
2017-06-28 20:00,clear,katkam-20170628200000
2017-05-18 09:00,cloudy,katkam-20170518090000
2016-06-17 19:00,clear,katkam-20160617190000
2016-11-27 07:00,cloudy,katkam-20161127070000
2016-07-29 10:00,clear,katkam-20160729100000
2017-05-01 09:00,rain,katkam-20170501090000
2017-07-01 08:00,"clear,cloudy",katkam-20170701080000
2016-06-25 18:00,,katkam-20160625180000
2017-03-22 17:00,rain,katkam-20170322170000
2016-11-29 11:00,,katkam-20161129110000
2017-05-21 18:00,clear,katkam-20170521180000
2017-03-05 08:00,"rain,snow",katkam-20170305080000
2016-09-14 15:00,"clear,cloudy",katkam-20160914150000
2017-07-08 11:00,clear,katkam-20170708110000
2017-05-24 06:00,"clear,cloudy",katkam-20170524060000
2017-09-30 11:00,cloudy,katkam-20170930110000
2016-12-22 10:00,,katkam-20161222100000
2017-05-15 06:00,cloudy,katkam-20170515060000
2016-10-28 15:00,cloudy,katkam-20161028150000
2017-08-15 07:00,cloudy,katkam-20170815070000
2017-02-10 11:00,cloudy,katkam-20170210110000
2017-03-31 17:00,cloudy,katkam-20170331170000
2017-04-05 14:00,rain,katkam-20170405140000
2017-02-11 07:00,"clear,cloudy",katkam-20170211070000
2016-07-21 08:00,clear,katkam-20160721080000
2017-05-29 21:00,"clear,cloudy",katkam-20170529210000
2016-10-05 13:00,clear,katkam-20161005130000
2016-12-03 13:00,cloudy,katkam-20161203130000
2017-10-29 06:00,fog,katkam-20171029060000
2016-07-31 20:00,clear,katkam-20160731200000
2016-11-02 10:00,rain,katkam-20161102100000
2017-03-11 12:00,rain,katkam-20170311120000
2017-04-19 17:00,clear,katkam-20170419170000
2016-12-14 09:00,clear,katkam-20161214090000
2016-10-10 13:00,clear,katkam-20161010130000
2017-06-01 09:00,cloudy,katkam-20170601090000
2016-10-09 12:00,cloudy,katkam-20161009120000
2017-09-09 10:00,"rain,fog",katkam-20170909100000
2016-09-10 07:00,clear,katkam-20160910070000
2016-07-14 10:00,cloudy,katkam-20160714100000
2016-12-14 11:00,clear,katkam-20161214110000
2017-10-20 13:00,"cloudy,rain",katkam-20171020130000
2016-06-25 19:00,clear,katkam-20160625190000
2017-06-14 15:00,,katkam-20170614150000
2017-05-20 08:00,clear,katkam-20170520080000
2016-11-07 12:00,cloudy,katkam-20161107120000
2016-07-09 21:00,clear,katkam-20160709210000
2016-08-14 11:00,clear,katkam-20160814110000
2016-09-05 07:00,cloudy,katkam-20160905070000
2016-11-07 14:00,cloudy,katkam-20161107140000
2017-07-22 12:00,cloudy,katkam-20170722120000
2017-10-07 07:00,cloudy,katkam-20171007070000
2017-09-06 12:00,cloudy,katkam-20170906120000
2016-06-14 18:00,cloudy,katkam-20160614180000
2017-07-18 14:00,clear,katkam-20170718140000
2017-06-06 08:00,cloudy,katkam-20170606080000
2017-06-29 13:00,clear,katkam-20170629130000
2016-08-03 16:00,cloudy,katkam-20160803160000
2017-02-08 08:00,cloudy,katkam-20170208080000
2017-09-26 07:00,cloudy,katkam-20170926070000
2016-07-14 08:00,clear,katkam-20160714080000
2017-07-13 15:00,clear,katkam-20170713150000
2017-01-30 14:00,cloudy,katkam-20170130140000
2017-09-22 15:00,cloudy,katkam-20170922150000
2017-02-12 09:00,cloudy,katkam-20170212090000
2016-12-08 17:00,clear,katkam-20161208170000
2016-06-05 08:00,clear,katkam-20160605080000
2016-10-03 14:00,cloudy,katkam-20161003140000
2016-10-29 08:00,cloudy,katkam-20161029080000
2017-07-07 10:00,clear,katkam-20170707100000
2017-02-24 08:00,cloudy,katkam-20170224080000
2016-08-31 08:00,cloudy,katkam-20160831080000
2016-11-24 12:00,rain,katkam-20161124120000
2017-05-07 14:00,cloudy,katkam-20170507140000
2017-10-26 10:00,clear,katkam-20171026100000
2017-06-04 08:00,cloudy,katkam-20170604080000
2017-05-03 14:00,rain,katkam-20170503140000
2017-07-29 21:00,clear,katkam-20170729210000
2017-05-18 10:00,cloudy,katkam-20170518100000
2017-09-11 17:00,clear,katkam-20170911170000
2017-08-01 11:00,cloudy,katkam-20170801110000
2017-06-10 10:00,cloudy,katkam-20170610100000
2016-12-26 17:00,rain,katkam-20161226170000
2017-09-28 14:00,"clear,cloudy",katkam-20170928140000
2016-09-08 17:00,clear,katkam-20160908170000
2017-10-16 07:00,cloudy,katkam-20171016070000
2016-07-21 09:00,clear,katkam-20160721090000
2017-10-20 11:00,"cloudy,rain",katkam-20171020110000
2016-07-02 09:00,clear,katkam-20160702090000
2016-10-26 15:00,rain,katkam-20161026150000
2017-02-28 08:00,snow,katkam-20170228080000
2017-08-22 19:00,clear,katkam-20170822190000
2017-09-10 19:00,cloudy,katkam-20170910190000
2017-03-10 15:00,cloudy,katkam-20170310150000
2017-04-01 18:00,cloudy,katkam-20170401180000
2017-04-22 13:00,rain,katkam-20170422130000
2017-09-22 13:00,cloudy,katkam-20170922130000
2016-08-23 16:00,clear,katkam-20160823160000
2016-09-21 18:00,clear,katkam-20160921180000
2017-04-19 14:00,cloudy,katkam-20170419140000
2016-07-21 13:00,clear,katkam-20160721130000
2017-09-14 15:00,cloudy,katkam-20170914150000
2017-09-14 14:00,cloudy,katkam-20170914140000
2017-08-10 06:00,cloudy,katkam-20170810060000
2016-07-02 15:00,clear,katkam-20160702150000
2016-10-09 16:00,clear,katkam-20161009160000
2017-10-21 11:00,"rain,fog",katkam-20171021110000
2017-02-27 15:00,cloudy,katkam-20170227150000
2017-05-20 09:00,clear,katkam-20170520090000
2017-02-03 12:00,snow,katkam-20170203120000
2017-02-05 16:00,"rain,snow",katkam-20170205160000
2017-05-30 14:00,rain,katkam-20170530140000
2017-09-29 09:00,rain,katkam-20170929090000
2017-07-25 10:00,clear,katkam-20170725100000
2017-04-18 09:00,rain,katkam-20170418090000
2016-10-04 17:00,cloudy,katkam-20161004170000
2016-08-03 11:00,cloudy,katkam-20160803110000
2016-10-04 12:00,cloudy,katkam-20161004120000
2017-08-31 10:00,cloudy,katkam-20170831100000
2016-07-28 14:00,clear,katkam-20160728140000
2017-06-23 07:00,clear,katkam-20170623070000
2017-09-14 18:00,"clear,cloudy",katkam-20170914180000
2016-10-18 07:00,rain,katkam-20161018070000
2016-12-19 07:00,rain,katkam-20161219070000
2017-01-25 13:00,cloudy,katkam-20170125130000
2017-08-07 08:00,cloudy,katkam-20170807080000
2017-09-16 20:00,cloudy,katkam-20170916200000
2017-07-31 18:00,clear,katkam-20170731180000
2017-03-25 07:00,cloudy,katkam-20170325070000
2016-09-05 15:00,cloudy,katkam-20160905150000
2017-05-24 17:00,cloudy,katkam-20170524170000
2017-10-28 12:00,clear,katkam-20171028120000
2017-02-02 15:00,cloudy,katkam-20170202150000
2017-10-21 13:00,rain,katkam-20171021130000
2016-07-31 07:00,clear,katkam-20160731070000
2016-11-21 15:00,cloudy,katkam-20161121150000
2017-03-14 13:00,rain,katkam-20170314130000
2017-06-21 21:00,clear,katkam-20170621210000
2017-07-19 15:00,cloudy,katkam-20170719150000
2016-09-15 13:00,clear,katkam-20160915130000
2017-06-14 11:00,cloudy,katkam-20170614110000
2016-10-20 06:00,rain,katkam-20161020060000
2016-09-20 19:00,clear,katkam-20160920190000
2016-12-06 13:00,clear,katkam-20161206130000
2017-04-02 09:00,clear,katkam-20170402090000
2017-07-22 11:00,cloudy,katkam-20170722110000
2017-04-05 09:00,rain,katkam-20170405090000
2016-08-18 18:00,clear,katkam-20160818180000
2017-04-03 13:00,cloudy,katkam-20170403130000
2017-07-07 13:00,clear,katkam-20170707130000
2016-07-29 20:00,clear,katkam-20160729200000
2017-10-14 08:00,cloudy,katkam-20171014080000
2016-12-03 09:00,cloudy,katkam-20161203090000
2016-09-26 09:00,clear,katkam-20160926090000
2017-04-06 06:00,cloudy,katkam-20170406060000
2017-08-21 06:00,clear,katkam-20170821060000
2016-10-23 10:00,cloudy,katkam-20161023100000
2017-06-16 15:00,cloudy,katkam-20170616150000
2017-09-21 14:00,cloudy,katkam-20170921140000
2016-12-17 13:00,cloudy,katkam-20161217130000
2017-03-03 09:00,cloudy,katkam-20170303090000
2016-10-27 06:00,rain,katkam-20161027060000
2017-07-11 19:00,clear,katkam-20170711190000
2016-11-12 11:00,rain,katkam-20161112110000
2017-09-03 06:00,clear,katkam-20170903060000
2017-07-17 19:00,"clear,cloudy",katkam-20170717190000
2016-07-20 10:00,clear,katkam-20160720100000
2016-08-29 10:00,cloudy,katkam-20160829100000
2016-11-22 15:00,rain,katkam-20161122150000
2016-11-02 12:00,rain,katkam-20161102120000
2017-10-05 18:00,"clear,cloudy",katkam-20171005180000
2017-07-18 08:00,cloudy,katkam-20170718080000
2016-07-19 09:00,cloudy,katkam-20160719090000
2017-09-19 12:00,cloudy,katkam-20170919120000
2017-04-21 11:00,cloudy,katkam-20170421110000
2017-09-23 08:00,cloudy,katkam-20170923080000
2017-04-18 18:00,cloudy,katkam-20170418180000
2016-08-15 19:00,clear,katkam-20160815190000
2017-10-01 09:00,cloudy,katkam-20171001090000
2017-03-28 13:00,rain,katkam-20170328130000
2017-08-18 18:00,clear,katkam-20170818180000
2016-06-10 14:00,cloudy,katkam-20160610140000
2017-03-14 15:00,rain,katkam-20170314150000
2017-05-23 06:00,"clear,cloudy",katkam-20170523060000
2016-09-10 09:00,clear,katkam-20160910090000
2016-12-03 15:00,cloudy,katkam-20161203150000
2016-07-19 11:00,cloudy,katkam-20160719110000
2017-06-03 14:00,cloudy,katkam-20170603140000
2016-10-29 09:00,rain,katkam-20161029090000
2017-03-31 12:00,cloudy,katkam-20170331120000
2017-10-13 16:00,"clear,cloudy",katkam-20171013160000
2017-07-04 19:00,clear,katkam-20170704190000
2016-06-11 08:00,rain,katkam-20160611080000
2016-09-24 17:00,cloudy,katkam-20160924170000
2017-08-08 17:00,cloudy,katkam-20170808170000
2016-09-19 07:00,rain,katkam-20160919070000
2017-06-04 21:00,clear,katkam-20170604210000
2017-03-05 12:00,rain,katkam-20170305120000
2017-06-16 11:00,cloudy,katkam-20170616110000
2017-08-10 08:00,cloudy,katkam-20170810080000
2017-10-31 15:00,cloudy,katkam-20171031150000
2017-02-26 07:00,cloudy,katkam-20170226070000
2016-08-30 12:00,cloudy,katkam-20160830120000
2017-01-26 17:00,cloudy,katkam-20170126170000
2017-08-04 08:00,cloudy,katkam-20170804080000
2017-03-14 16:00,,katkam-20170314160000
2016-08-28 20:00,cloudy,katkam-20160828200000
2017-07-31 09:00,clear,katkam-20170731090000
2017-09-05 17:00,cloudy,katkam-20170905170000
2016-10-14 16:00,rain,katkam-20161014160000
2017-01-23 16:00,"clear,cloudy",katkam-20170123160000
2017-05-16 14:00,cloudy,katkam-20170516140000
2017-03-01 08:00,cloudy,katkam-20170301080000
2016-11-03 08:00,cloudy,katkam-20161103080000
2016-08-27 06:00,cloudy,katkam-20160827060000
2016-07-01 11:00,cloudy,katkam-20160701110000
2017-06-30 19:00,cloudy,katkam-20170630190000
2017-05-31 07:00,cloudy,katkam-20170531070000
2017-07-31 19:00,clear,katkam-20170731190000
2017-07-09 07:00,cloudy,katkam-20170709070000
2017-06-09 18:00,cloudy,katkam-20170609180000
2016-06-30 06:00,cloudy,katkam-20160630060000
2016-08-01 08:00,clear,katkam-20160801080000
2017-06-02 11:00,cloudy,katkam-20170602110000
2016-09-04 18:00,cloudy,katkam-20160904180000
2017-08-13 07:00,cloudy,katkam-20170813070000
2016-07-15 14:00,cloudy,katkam-20160715140000
2016-12-14 08:00,clear,katkam-20161214080000
2017-05-27 12:00,"clear,cloudy",katkam-20170527120000
2017-08-30 10:00,cloudy,katkam-20170830100000
2017-03-21 10:00,rain,katkam-20170321100000
2017-08-05 13:00,cloudy,katkam-20170805130000
2017-03-01 11:00,cloudy,katkam-20170301110000
2017-03-15 16:00,rain,katkam-20170315160000
2017-04-05 10:00,rain,katkam-20170405100000
2017-01-05 09:00,clear,katkam-20170105090000
2017-05-11 06:00,rain,katkam-20170511060000
2017-10-21 09:00,rain,katkam-20171021090000
2017-08-15 16:00,clear,katkam-20170815160000
2017-02-09 16:00,rain,katkam-20170209160000
2017-08-17 20:00,clear,katkam-20170817200000
2017-05-19 19:00,cloudy,katkam-20170519190000
2017-10-19 12:00,"cloudy,rain",katkam-20171019120000
2017-03-08 14:00,cloudy,katkam-20170308140000
2017-09-12 17:00,clear,katkam-20170912170000
2016-12-08 15:00,cloudy,katkam-20161208150000
2017-04-01 09:00,rain,katkam-20170401090000
2017-03-17 13:00,cloudy,katkam-20170317130000
2017-06-23 08:00,clear,katkam-20170623080000
2017-07-19 18:00,clear,katkam-20170719180000
2016-07-17 20:00,cloudy,katkam-20160717200000
2016-10-23 19:00,cloudy,katkam-20161023190000
2017-10-21 12:00,"rain,fog",katkam-20171021120000
2017-04-06 17:00,cloudy,katkam-20170406170000
2016-12-29 17:00,,katkam-20161229170000
2016-09-27 13:00,clear,katkam-20160927130000
2017-05-25 08:00,cloudy,katkam-20170525080000
2016-10-13 07:00,rain,katkam-20161013070000
2016-12-13 15:00,"clear,cloudy",katkam-20161213150000
2017-05-31 10:00,cloudy,katkam-20170531100000
2016-08-09 17:00,cloudy,katkam-20160809170000
2016-09-08 18:00,clear,katkam-20160908180000
2016-10-14 07:00,rain,katkam-20161014070000
2017-02-04 10:00,snow,katkam-20170204100000
2017-06-17 14:00,cloudy,katkam-20170617140000
2017-08-28 14:00,"clear,cloudy",katkam-20170828140000
2016-06-26 17:00,clear,katkam-20160626170000
2016-10-26 09:00,rain,katkam-20161026090000
2016-06-06 19:00,,katkam-20160606190000
2017-10-07 15:00,cloudy,katkam-20171007150000
2016-10-16 18:00,cloudy,katkam-20161016180000
2017-06-23 21:00,clear,katkam-20170623210000
2017-05-07 20:00,clear,katkam-20170507200000
2016-09-23 12:00,rain,katkam-20160923120000
2017-04-04 10:00,cloudy,katkam-20170404100000
2017-02-15 06:00,rain,katkam-20170215060000
2017-06-20 08:00,cloudy,katkam-20170620080000
2016-09-08 16:00,clear,katkam-20160908160000
2016-07-18 11:00,cloudy,katkam-20160718110000
2016-09-05 19:00,cloudy,katkam-20160905190000
2017-08-21 15:00,clear,katkam-20170821150000
2016-11-19 17:00,cloudy,katkam-20161119170000
2017-04-02 19:00,clear,katkam-20170402190000
2016-07-16 09:00,cloudy,katkam-20160716090000
2016-07-12 12:00,cloudy,katkam-20160712120000
2017-04-03 07:00,cloudy,katkam-20170403070000
2017-06-25 11:00,clear,katkam-20170625110000
2016-11-25 10:00,cloudy,katkam-20161125100000
2016-08-08 06:00,cloudy,katkam-20160808060000
2017-10-04 16:00,cloudy,katkam-20171004160000
2017-02-12 07:00,cloudy,katkam-20170212070000
2017-01-25 15:00,cloudy,katkam-20170125150000
2016-06-17 11:00,clear,katkam-20160617110000
2017-10-04 17:00,"clear,cloudy",katkam-20171004170000
2016-08-11 09:00,clear,katkam-20160811090000
2016-06-18 15:00,rain,katkam-20160618150000
2017-06-20 12:00,cloudy,katkam-20170620120000
2017-07-16 21:00,clear,katkam-20170716210000
2017-05-05 13:00,cloudy,katkam-20170505130000
2016-10-08 12:00,rain,katkam-20161008120000
2017-04-08 08:00,rain,katkam-20170408080000
2017-08-25 13:00,clear,katkam-20170825130000
2017-08-13 11:00,cloudy,katkam-20170813110000
2017-03-07 16:00,"rain,snow",katkam-20170307160000
2016-08-04 09:00,cloudy,katkam-20160804090000
2016-11-10 06:00,cloudy,katkam-20161110060000
2016-09-18 15:00,cloudy,katkam-20160918150000
2017-05-26 21:00,,katkam-20170526210000
2016-12-19 10:00,"clear,cloudy",katkam-20161219100000
2017-06-08 21:00,cloudy,katkam-20170608210000
2017-05-14 14:00,cloudy,katkam-20170514140000
2017-08-30 11:00,cloudy,katkam-20170830110000
2017-05-25 10:00,cloudy,katkam-20170525100000
2016-09-21 16:00,clear,katkam-20160921160000
2017-06-04 11:00,cloudy,katkam-20170604110000
2017-05-14 06:00,cloudy,katkam-20170514060000
2017-03-12 12:00,rain,katkam-20170312120000
2016-06-23 20:00,clear,katkam-20160623200000
2016-12-22 12:00,rain,katkam-20161222120000
2017-02-09 14:00,rain,katkam-20170209140000
2016-06-06 20:00,clear,katkam-20160606200000
2017-09-30 13:00,"cloudy,rain",katkam-20170930130000
2017-06-18 09:00,"rain,fog",katkam-20170618090000
2016-10-23 11:00,cloudy,katkam-20161023110000
2016-09-09 10:00,clear,katkam-20160909100000
2016-07-19 15:00,clear,katkam-20160719150000
2017-06-01 21:00,cloudy,katkam-20170601210000
2017-03-19 08:00,cloudy,katkam-20170319080000
2017-08-29 11:00,"clear,cloudy",katkam-20170829110000
2017-10-27 15:00,clear,katkam-20171027150000
2016-06-08 20:00,cloudy,katkam-20160608200000
2017-05-05 15:00,cloudy,katkam-20170505150000
2016-12-04 09:00,clear,katkam-20161204090000
2016-09-12 15:00,clear,katkam-20160912150000
2017-05-15 11:00,"cloudy,rain",katkam-20170515110000
2017-09-09 15:00,rain,katkam-20170909150000
2017-08-08 19:00,cloudy,katkam-20170808190000
2016-07-06 12:00,cloudy,katkam-20160706120000
2016-11-18 10:00,cloudy,katkam-20161118100000
2017-03-09 15:00,rain,katkam-20170309150000
2017-09-24 17:00,cloudy,katkam-20170924170000
2016-10-06 06:00,cloudy,katkam-20161006060000
2017-03-25 12:00,cloudy,katkam-20170325120000
2016-10-31 18:00,rain,katkam-20161031180000
2016-12-31 11:00,,katkam-20161231110000
2017-10-22 10:00,cloudy,katkam-20171022100000
2016-09-20 15:00,clear,katkam-20160920150000
2017-03-27 14:00,cloudy,katkam-20170327140000
2017-09-02 15:00,clear,katkam-20170902150000
2017-08-05 09:00,cloudy,katkam-20170805090000
2017-03-15 15:00,rain,katkam-20170315150000
2017-01-21 15:00,cloudy,katkam-20170121150000
2016-09-11 10:00,clear,katkam-20160911100000
2017-08-03 09:00,cloudy,katkam-20170803090000
2017-09-30 16:00,"cloudy,rain",katkam-20170930160000
2017-07-23 10:00,cloudy,katkam-20170723100000
2017-07-24 09:00,clear,katkam-20170724090000
2016-09-23 17:00,rain,katkam-20160923170000
2016-06-19 15:00,cloudy,katkam-20160619150000
2016-06-05 10:00,clear,katkam-20160605100000
2017-04-24 17:00,cloudy,katkam-20170424170000
2016-08-05 15:00,cloudy,katkam-20160805150000
2017-10-01 14:00,clear,katkam-20171001140000
2016-12-09 17:00,"rain,snow",katkam-20161209170000
2017-05-06 15:00,cloudy,katkam-20170506150000
2016-10-30 16:00,,katkam-20161030160000
2016-09-19 19:00,cloudy,katkam-20160919190000
2017-05-05 10:00,rain,katkam-20170505100000
2017-01-12 11:00,"clear,cloudy",katkam-20170112110000
2017-05-16 08:00,rain,katkam-20170516080000
2017-05-16 15:00,cloudy,katkam-20170516150000
2017-03-30 14:00,"clear,cloudy",katkam-20170330140000
2016-09-22 06:00,,katkam-20160922060000
2016-09-21 06:00,,katkam-20160921060000
2017-09-22 10:00,clear,katkam-20170922100000
2017-08-13 08:00,cloudy,katkam-20170813080000
2016-08-01 13:00,clear,katkam-20160801130000
2016-08-16 10:00,clear,katkam-20160816100000
2016-08-04 12:00,clear,katkam-20160804120000
2016-07-24 19:00,clear,katkam-20160724190000
2016-08-07 17:00,cloudy,katkam-20160807170000
2017-09-07 15:00,cloudy,katkam-20170907150000
2017-09-09 12:00,rain,katkam-20170909120000
2017-02-22 10:00,cloudy,katkam-20170222100000
2017-08-03 06:00,cloudy,katkam-20170803060000
2016-06-21 17:00,clear,katkam-20160621170000
2017-03-09 11:00,cloudy,katkam-20170309110000
2016-11-21 09:00,cloudy,katkam-20161121090000
2017-01-22 13:00,rain,katkam-20170122130000
2017-05-31 14:00,cloudy,katkam-20170531140000
2016-07-23 11:00,clear,katkam-20160723110000
2017-06-01 16:00,cloudy,katkam-20170601160000
2016-07-03 20:00,clear,katkam-20160703200000
2016-07-02 19:00,clear,katkam-20160702190000
2017-09-26 13:00,clear,katkam-20170926130000
2017-08-06 11:00,cloudy,katkam-20170806110000
2017-05-30 17:00,rain,katkam-20170530170000
2017-05-27 21:00,,katkam-20170527210000
2017-01-21 07:00,rain,katkam-20170121070000
2016-06-14 19:00,cloudy,katkam-20160614190000
2017-09-14 12:00,clear,katkam-20170914120000
2016-10-11 15:00,clear,katkam-20161011150000
2016-06-26 14:00,clear,katkam-20160626140000
2017-09-02 13:00,clear,katkam-20170902130000
2017-06-16 12:00,cloudy,katkam-20170616120000
2017-10-06 14:00,cloudy,katkam-20171006140000
2016-12-20 14:00,cloudy,katkam-20161220140000
2016-07-07 19:00,rain,katkam-20160707190000
2016-06-30 10:00,cloudy,katkam-20160630100000
2016-06-27 08:00,cloudy,katkam-20160627080000
2017-07-16 06:00,clear,katkam-20170716060000
2017-02-25 13:00,cloudy,katkam-20170225130000
2016-11-05 14:00,cloudy,katkam-20161105140000
2017-02-07 09:00,"clear,cloudy",katkam-20170207090000
2016-12-15 10:00,clear,katkam-20161215100000
2017-07-30 19:00,clear,katkam-20170730190000
2016-08-30 06:00,cloudy,katkam-20160830060000
2016-10-16 19:00,"cloudy,rain",katkam-20161016190000
2017-07-10 09:00,clear,katkam-20170710090000
2017-01-28 15:00,cloudy,katkam-20170128150000
2016-11-30 14:00,rain,katkam-20161130140000
2017-04-28 11:00,cloudy,katkam-20170428110000
2017-05-24 20:00,clear,katkam-20170524200000
2016-06-25 06:00,cloudy,katkam-20160625060000
2017-02-27 16:00,cloudy,katkam-20170227160000
2017-10-09 16:00,cloudy,katkam-20171009160000
2016-06-27 07:00,clear,katkam-20160627070000
2016-12-21 11:00,cloudy,katkam-20161221110000
2016-10-22 08:00,,katkam-20161022080000
2016-09-27 17:00,clear,katkam-20160927170000
2017-04-16 17:00,cloudy,katkam-20170416170000
2016-09-02 12:00,cloudy,katkam-20160902120000
2017-04-20 13:00,cloudy,katkam-20170420130000
2016-09-27 12:00,clear,katkam-20160927120000
2016-06-17 17:00,clear,katkam-20160617170000
2016-12-11 14:00,,katkam-20161211140000
2017-08-27 14:00,clear,katkam-20170827140000
2017-04-12 19:00,cloudy,katkam-20170412190000
2017-03-15 17:00,rain,katkam-20170315170000
2017-03-24 17:00,rain,katkam-20170324170000
2016-09-04 17:00,clear,katkam-20160904170000
2017-06-18 15:00,rain,katkam-20170618150000
2017-07-27 13:00,clear,katkam-20170727130000
2016-12-02 09:00,,katkam-20161202090000
2016-11-03 13:00,cloudy,katkam-20161103130000
2017-05-15 14:00,rain,katkam-20170515140000
2016-09-11 18:00,clear,katkam-20160911180000
2017-07-10 12:00,cloudy,katkam-20170710120000
2017-01-10 17:00,"clear,cloudy",katkam-20170110170000
2016-09-27 16:00,clear,katkam-20160927160000
2016-10-16 11:00,rain,katkam-20161016110000
2017-08-24 14:00,clear,katkam-20170824140000
2017-04-30 10:00,clear,katkam-20170430100000
2017-06-22 18:00,clear,katkam-20170622180000
2016-09-29 07:00,"clear,cloudy",katkam-20160929070000
2017-02-15 14:00,rain,katkam-20170215140000
2017-06-21 15:00,clear,katkam-20170621150000
2017-04-04 12:00,cloudy,katkam-20170404120000
2017-06-05 19:00,clear,katkam-20170605190000
2017-07-12 12:00,clear,katkam-20170712120000
2016-10-17 09:00,"rain,fog",katkam-20161017090000
2017-10-07 11:00,cloudy,katkam-20171007110000
2017-05-17 09:00,cloudy,katkam-20170517090000
2016-06-11 18:00,cloudy,katkam-20160611180000
2017-06-15 12:00,rain,katkam-20170615120000
2017-06-09 07:00,cloudy,katkam-20170609070000
2016-11-02 16:00,cloudy,katkam-20161102160000
2017-08-21 11:00,clear,katkam-20170821110000
2016-10-24 14:00,cloudy,katkam-20161024140000
2016-07-18 17:00,cloudy,katkam-20160718170000
2017-09-25 10:00,cloudy,katkam-20170925100000
2017-10-03 12:00,clear,katkam-20171003120000
2017-10-21 15:00,"rain,fog",katkam-20171021150000
2017-02-07 07:00,snow,katkam-20170207070000
2017-02-08 06:00,clear,katkam-20170208060000
2017-07-26 13:00,clear,katkam-20170726130000
2016-11-27 13:00,rain,katkam-20161127130000
2016-10-28 18:00,cloudy,katkam-20161028180000
2017-05-08 09:00,cloudy,katkam-20170508090000
2016-11-06 13:00,cloudy,katkam-20161106130000
2017-03-29 14:00,rain,katkam-20170329140000
2016-12-30 08:00,"fog,snow",katkam-20161230080000
2017-02-26 13:00,cloudy,katkam-20170226130000
2017-06-02 09:00,cloudy,katkam-20170602090000
2017-06-24 09:00,clear,katkam-20170624090000
2016-09-04 06:00,cloudy,katkam-20160904060000
2017-07-28 15:00,clear,katkam-20170728150000
2017-09-15 08:00,clear,katkam-20170915080000
2016-08-26 20:00,clear,katkam-20160826200000
2017-07-16 12:00,clear,katkam-20170716120000
2016-10-10 18:00,clear,katkam-20161010180000
2017-05-17 12:00,cloudy,katkam-20170517120000
2016-10-19 17:00,cloudy,katkam-20161019170000
2016-11-26 11:00,rain,katkam-20161126110000
2017-09-11 13:00,clear,katkam-20170911130000
2016-11-18 16:00,cloudy,katkam-20161118160000
2017-08-09 09:00,cloudy,katkam-20170809090000
2016-11-23 15:00,rain,katkam-20161123150000
2017-06-12 13:00,cloudy,katkam-20170612130000
2017-06-09 16:00,cloudy,katkam-20170609160000
2017-06-02 14:00,clear,katkam-20170602140000
2016-08-03 09:00,cloudy,katkam-20160803090000
2017-07-11 15:00,clear,katkam-20170711150000
2017-06-11 12:00,cloudy,katkam-20170611120000
2016-12-04 17:00,clear,katkam-20161204170000
2016-08-04 11:00,cloudy,katkam-20160804110000
2016-08-14 19:00,"clear,cloudy",katkam-20160814190000
2016-12-01 10:00,cloudy,katkam-20161201100000
2017-06-19 21:00,,katkam-20170619210000
2016-07-29 19:00,clear,katkam-20160729190000
2016-07-15 19:00,"clear,cloudy",katkam-20160715190000
2017-09-27 11:00,clear,katkam-20170927110000
2016-09-10 12:00,,katkam-20160910120000
2016-06-12 11:00,cloudy,katkam-20160612110000
2016-07-26 12:00,clear,katkam-20160726120000
2016-06-06 08:00,clear,katkam-20160606080000
2017-06-12 14:00,cloudy,katkam-20170612140000
2016-09-16 19:00,cloudy,katkam-20160916190000
2016-07-06 17:00,"clear,cloudy",katkam-20160706170000
2016-11-16 09:00,cloudy,katkam-20161116090000
2016-08-23 14:00,clear,katkam-20160823140000
2016-07-05 16:00,cloudy,katkam-20160705160000
2016-08-31 14:00,cloudy,katkam-20160831140000
2017-03-08 16:00,,katkam-20170308160000
2016-07-27 10:00,clear,katkam-20160727100000
2017-03-08 13:00,cloudy,katkam-20170308130000
2017-01-08 17:00,snow,katkam-20170108170000
2017-06-06 11:00,cloudy,katkam-20170606110000
2017-02-17 08:00,rain,katkam-20170217080000
2017-07-07 12:00,clear,katkam-20170707120000
2016-07-12 08:00,clear,katkam-20160712080000
2016-10-06 11:00,cloudy,katkam-20161006110000
2017-06-17 11:00,cloudy,katkam-20170617110000
2016-06-20 20:00,clear,katkam-20160620200000
2017-03-16 10:00,rain,katkam-20170316100000
2016-06-09 16:00,cloudy,katkam-20160609160000
2017-04-05 12:00,rain,katkam-20170405120000
2017-04-03 12:00,cloudy,katkam-20170403120000
2016-09-03 17:00,cloudy,katkam-20160903170000
2016-12-25 06:00,clear,katkam-20161225060000
2016-11-20 13:00,rain,katkam-20161120130000
2017-02-24 17:00,"clear,cloudy",katkam-20170224170000
2017-03-25 06:00,cloudy,katkam-20170325060000
2016-11-08 15:00,cloudy,katkam-20161108150000
2016-12-09 15:00,"rain,fog,snow",katkam-20161209150000
2017-04-05 15:00,rain,katkam-20170405150000
2016-06-18 07:00,,katkam-20160618070000
2017-03-27 12:00,cloudy,katkam-20170327120000
2017-09-24 11:00,cloudy,katkam-20170924110000
2016-12-04 15:00,cloudy,katkam-20161204150000
2017-09-20 18:00,cloudy,katkam-20170920180000
2017-07-12 07:00,cloudy,katkam-20170712070000
2016-10-21 19:00,rain,katkam-20161021190000
2017-05-31 21:00,rain,katkam-20170531210000
2017-04-12 09:00,rain,katkam-20170412090000
2017-08-28 10:00,clear,katkam-20170828100000
2017-09-28 10:00,clear,katkam-20170928100000
2016-09-03 19:00,"clear,cloudy",katkam-20160903190000
2016-10-28 14:00,cloudy,katkam-20161028140000
2017-10-01 15:00,clear,katkam-20171001150000
2017-07-28 12:00,clear,katkam-20170728120000
2016-08-28 10:00,cloudy,katkam-20160828100000
2016-08-04 16:00,clear,katkam-20160804160000
2016-06-19 06:00,cloudy,katkam-20160619060000
2016-11-16 08:00,,katkam-20161116080000
2017-05-11 16:00,rain,katkam-20170511160000
2016-11-04 17:00,cloudy,katkam-20161104170000
2016-07-21 15:00,clear,katkam-20160721150000
2016-12-26 13:00,rain,katkam-20161226130000
2017-08-10 09:00,cloudy,katkam-20170810090000
2017-04-26 10:00,cloudy,katkam-20170426100000
2016-06-26 16:00,clear,katkam-20160626160000
2016-08-20 08:00,clear,katkam-20160820080000
2016-12-10 14:00,rain,katkam-20161210140000
2017-05-25 11:00,cloudy,katkam-20170525110000
2016-09-30 14:00,cloudy,katkam-20160930140000
2017-09-02 10:00,clear,katkam-20170902100000
2017-01-26 08:00,cloudy,katkam-20170126080000
2016-07-05 17:00,cloudy,katkam-20160705170000
2017-05-09 20:00,cloudy,katkam-20170509200000
2017-10-31 08:00,cloudy,katkam-20171031080000
2016-12-30 10:00,,katkam-20161230100000
2017-06-28 11:00,clear,katkam-20170628110000
2017-03-02 16:00,rain,katkam-20170302160000
2017-05-20 11:00,clear,katkam-20170520110000
2017-07-19 10:00,clear,katkam-20170719100000
2017-02-21 11:00,cloudy,katkam-20170221110000
2016-09-30 18:00,"clear,cloudy",katkam-20160930180000
2017-06-09 11:00,cloudy,katkam-20170609110000
2016-06-07 13:00,cloudy,katkam-20160607130000
2016-08-21 10:00,cloudy,katkam-20160821100000
2017-07-04 20:00,clear,katkam-20170704200000
2017-02-22 06:00,cloudy,katkam-20170222060000
2017-06-09 19:00,cloudy,katkam-20170609190000
2017-04-25 12:00,cloudy,katkam-20170425120000
2017-05-07 19:00,clear,katkam-20170507190000
2016-09-24 15:00,cloudy,katkam-20160924150000
2016-10-10 09:00,cloudy,katkam-20161010090000
2017-01-11 11:00,clear,katkam-20170111110000
2017-06-02 12:00,cloudy,katkam-20170602120000
2016-09-13 09:00,clear,katkam-20160913090000
2017-05-14 11:00,cloudy,katkam-20170514110000
2016-12-13 17:00,clear,katkam-20161213170000
2016-09-09 12:00,cloudy,katkam-20160909120000
2017-09-13 08:00,cloudy,katkam-20170913080000
2017-08-07 19:00,cloudy,katkam-20170807190000
2017-02-23 15:00,cloudy,katkam-20170223150000
2016-06-09 07:00,cloudy,katkam-20160609070000
2016-09-14 16:00,"clear,cloudy",katkam-20160914160000
2017-08-17 14:00,clear,katkam-20170817140000
2016-12-29 16:00,,katkam-20161229160000
2016-06-21 09:00,cloudy,katkam-20160621090000
2017-04-17 17:00,rain,katkam-20170417170000
2017-09-25 15:00,cloudy,katkam-20170925150000
2017-01-15 07:00,cloudy,katkam-20170115070000
2016-08-02 20:00,cloudy,katkam-20160802200000
2017-07-14 06:00,cloudy,katkam-20170714060000
2016-09-10 06:00,cloudy,katkam-20160910060000
2017-01-31 08:00,clear,katkam-20170131080000
2016-11-20 12:00,cloudy,katkam-20161120120000
2017-03-04 06:00,,katkam-20170304060000
2017-09-16 07:00,cloudy,katkam-20170916070000
2016-07-03 07:00,clear,katkam-20160703070000
2017-10-15 14:00,clear,katkam-20171015140000
2016-07-04 17:00,"clear,cloudy",katkam-20160704170000
2016-06-15 11:00,cloudy,katkam-20160615110000
2017-07-18 06:00,cloudy,katkam-20170718060000
2016-11-20 15:00,rain,katkam-20161120150000
2016-10-30 10:00,cloudy,katkam-20161030100000
2016-07-23 15:00,clear,katkam-20160723150000
2017-04-18 12:00,cloudy,katkam-20170418120000
2016-06-22 12:00,cloudy,katkam-20160622120000
2016-07-08 06:00,cloudy,katkam-20160708060000
2017-06-28 12:00,cloudy,katkam-20170628120000
2017-06-07 14:00,cloudy,katkam-20170607140000
2017-10-05 09:00,clear,katkam-20171005090000
2016-07-18 10:00,cloudy,katkam-20160718100000
2016-10-01 08:00,cloudy,katkam-20161001080000
2017-05-20 15:00,cloudy,katkam-20170520150000
2016-08-26 15:00,cloudy,katkam-20160826150000
2016-09-20 06:00,clear,katkam-20160920060000
2017-08-02 14:00,cloudy,katkam-20170802140000
2016-07-12 19:00,clear,katkam-20160712190000
2017-01-19 09:00,rain,katkam-20170119090000
2017-05-20 16:00,"clear,cloudy",katkam-20170520160000
2017-08-21 12:00,clear,katkam-20170821120000
2017-09-07 10:00,cloudy,katkam-20170907100000
2016-07-29 08:00,clear,katkam-20160729080000
2016-09-08 08:00,cloudy,katkam-20160908080000
2017-01-21 09:00,cloudy,katkam-20170121090000
2016-09-16 18:00,cloudy,katkam-20160916180000
2016-07-24 14:00,clear,katkam-20160724140000
2017-07-12 20:00,clear,katkam-20170712200000
2017-06-24 16:00,clear,katkam-20170624160000
2017-05-08 11:00,cloudy,katkam-20170508110000
2016-06-22 16:00,clear,katkam-20160622160000
2016-09-18 07:00,cloudy,katkam-20160918070000
2017-02-07 14:00,cloudy,katkam-20170207140000
2017-07-13 20:00,clear,katkam-20170713200000
2016-12-27 12:00,cloudy,katkam-20161227120000
2016-09-11 14:00,clear,katkam-20160911140000
2017-08-08 08:00,cloudy,katkam-20170808080000
2017-01-26 09:00,cloudy,katkam-20170126090000
2016-07-07 20:00,,katkam-20160707200000
2017-05-25 21:00,cloudy,katkam-20170525210000
2017-02-23 07:00,cloudy,katkam-20170223070000
2017-01-26 12:00,cloudy,katkam-20170126120000
2017-05-07 08:00,clear,katkam-20170507080000
2017-04-02 06:00,cloudy,katkam-20170402060000
2016-06-20 18:00,cloudy,katkam-20160620180000
2016-06-12 17:00,cloudy,katkam-20160612170000
2017-02-19 10:00,rain,katkam-20170219100000
2016-06-28 11:00,clear,katkam-20160628110000
2016-08-22 19:00,clear,katkam-20160822190000
2017-04-18 15:00,cloudy,katkam-20170418150000
2016-11-24 08:00,"cloudy,rain",katkam-20161124080000
2016-06-22 19:00,cloudy,katkam-20160622190000
2017-03-31 15:00,cloudy,katkam-20170331150000
2017-05-03 15:00,rain,katkam-20170503150000
2016-12-25 10:00,clear,katkam-20161225100000
2017-05-16 12:00,rain,katkam-20170516120000
2017-03-22 13:00,rain,katkam-20170322130000
2017-09-28 08:00,clear,katkam-20170928080000
2016-07-13 14:00,clear,katkam-20160713140000
2017-09-25 19:00,cloudy,katkam-20170925190000
2017-08-21 13:00,clear,katkam-20170821130000
2017-09-01 06:00,clear,katkam-20170901060000
2016-12-26 06:00,snow,katkam-20161226060000
2016-11-11 07:00,cloudy,katkam-20161111070000
2016-12-17 12:00,cloudy,katkam-20161217120000
2017-08-06 18:00,cloudy,katkam-20170806180000
2017-10-15 06:00,cloudy,katkam-20171015060000
2016-07-28 19:00,clear,katkam-20160728190000
2017-04-25 18:00,cloudy,katkam-20170425180000
2016-12-08 07:00,clear,katkam-20161208070000
2016-06-05 15:00,clear,katkam-20160605150000
2017-09-05 10:00,cloudy,katkam-20170905100000
2016-07-10 17:00,clear,katkam-20160710170000
2017-07-15 11:00,clear,katkam-20170715110000
2017-10-25 12:00,rain,katkam-20171025120000
2016-06-19 17:00,cloudy,katkam-20160619170000
2017-08-05 08:00,cloudy,katkam-20170805080000
2016-09-09 16:00,cloudy,katkam-20160909160000
2016-06-10 07:00,cloudy,katkam-20160610070000
2016-12-24 08:00,cloudy,katkam-20161224080000
2017-08-19 10:00,cloudy,katkam-20170819100000
2017-02-26 08:00,cloudy,katkam-20170226080000
2016-08-18 10:00,clear,katkam-20160818100000
2017-05-18 11:00,clear,katkam-20170518110000
2016-07-05 21:00,clear,katkam-20160705210000
2017-09-19 15:00,cloudy,katkam-20170919150000
2016-08-09 19:00,"clear,cloudy",katkam-20160809190000
2016-12-29 13:00,,katkam-20161229130000
2016-12-10 16:00,rain,katkam-20161210160000
2017-04-29 09:00,cloudy,katkam-20170429090000
2016-11-19 06:00,rain,katkam-20161119060000
2017-07-24 11:00,clear,katkam-20170724110000
2016-08-25 14:00,clear,katkam-20160825140000
2017-05-14 17:00,cloudy,katkam-20170514170000
2016-06-29 14:00,clear,katkam-20160629140000
2017-01-27 15:00,cloudy,katkam-20170127150000
2017-02-21 08:00,cloudy,katkam-20170221080000
2017-02-13 10:00,"clear,cloudy",katkam-20170213100000
2017-08-08 10:00,cloudy,katkam-20170808100000
2017-07-10 16:00,cloudy,katkam-20170710160000
2017-01-20 09:00,"clear,cloudy",katkam-20170120090000
2016-07-08 12:00,cloudy,katkam-20160708120000
2016-12-08 08:00,clear,katkam-20161208080000
2016-12-15 16:00,"clear,cloudy",katkam-20161215160000
2017-02-07 15:00,cloudy,katkam-20170207150000
2016-08-24 10:00,clear,katkam-20160824100000
2017-05-29 09:00,cloudy,katkam-20170529090000
2016-07-02 08:00,clear,katkam-20160702080000
2017-08-02 07:00,cloudy,katkam-20170802070000
2017-05-22 07:00,clear,katkam-20170522070000
2017-03-11 09:00,cloudy,katkam-20170311090000
2016-08-06 14:00,cloudy,katkam-20160806140000
2017-04-22 11:00,cloudy,katkam-20170422110000
2017-09-29 12:00,rain,katkam-20170929120000
2016-09-07 19:00,,katkam-20160907190000
2016-07-03 14:00,clear,katkam-20160703140000
2016-08-10 08:00,cloudy,katkam-20160810080000
2016-09-27 14:00,clear,katkam-20160927140000
2016-06-14 08:00,cloudy,katkam-20160614080000
2016-10-22 18:00,"clear,cloudy",katkam-20161022180000
2016-10-24 15:00,cloudy,katkam-20161024150000
2017-08-23 20:00,cloudy,katkam-20170823200000
2017-08-05 14:00,cloudy,katkam-20170805140000
2017-03-28 11:00,rain,katkam-20170328110000
2016-06-19 19:00,clear,katkam-20160619190000
2017-04-27 12:00,cloudy,katkam-20170427120000
2017-07-15 20:00,clear,katkam-20170715200000
2016-07-23 12:00,cloudy,katkam-20160723120000
2016-12-20 13:00,cloudy,katkam-20161220130000
2017-08-14 06:00,cloudy,katkam-20170814060000
2016-09-17 07:00,rain,katkam-20160917070000
2017-05-17 07:00,cloudy,katkam-20170517070000
2017-02-04 11:00,"rain,snow",katkam-20170204110000
2016-11-27 10:00,"cloudy,rain",katkam-20161127100000
2017-06-06 18:00,"clear,cloudy",katkam-20170606180000
2016-11-20 11:00,cloudy,katkam-20161120110000
2017-05-09 10:00,clear,katkam-20170509100000
2017-06-10 14:00,cloudy,katkam-20170610140000
2016-12-18 08:00,snow,katkam-20161218080000
2016-06-23 13:00,cloudy,katkam-20160623130000
2016-07-26 10:00,cloudy,katkam-20160726100000
2017-04-29 14:00,rain,katkam-20170429140000
2016-11-04 14:00,cloudy,katkam-20161104140000
2017-09-25 06:00,cloudy,katkam-20170925060000
2017-06-07 07:00,cloudy,katkam-20170607070000
2016-10-24 10:00,cloudy,katkam-20161024100000
2016-08-02 15:00,"cloudy,rain",katkam-20160802150000
2016-09-18 13:00,cloudy,katkam-20160918130000
2017-03-09 13:00,cloudy,katkam-20170309130000
2016-11-07 07:00,cloudy,katkam-20161107070000
2017-07-06 19:00,clear,katkam-20170706190000
2017-09-19 08:00,cloudy,katkam-20170919080000
2016-07-21 20:00,clear,katkam-20160721200000
2017-09-28 06:00,clear,katkam-20170928060000
2016-12-21 06:00,cloudy,katkam-20161221060000
2017-09-17 07:00,cloudy,katkam-20170917070000
2016-08-13 12:00,clear,katkam-20160813120000
2017-03-18 07:00,rain,katkam-20170318070000
2017-06-25 12:00,,katkam-20170625120000
2016-08-03 14:00,cloudy,katkam-20160803140000
2017-07-22 17:00,cloudy,katkam-20170722170000
2016-10-03 13:00,cloudy,katkam-20161003130000
2016-08-04 15:00,"clear,cloudy",katkam-20160804150000
2017-10-13 10:00,cloudy,katkam-20171013100000
2016-07-14 16:00,clear,katkam-20160714160000
2016-09-02 17:00,cloudy,katkam-20160902170000
2016-11-24 11:00,rain,katkam-20161124110000
2016-07-06 07:00,cloudy,katkam-20160706070000
2017-04-24 09:00,cloudy,katkam-20170424090000
2017-01-13 14:00,"clear,cloudy",katkam-20170113140000
2017-05-08 14:00,cloudy,katkam-20170508140000
2017-02-27 08:00,cloudy,katkam-20170227080000
2017-06-03 06:00,cloudy,katkam-20170603060000
2016-08-02 18:00,cloudy,katkam-20160802180000
2017-05-28 20:00,clear,katkam-20170528200000
2017-07-12 21:00,clear,katkam-20170712210000
2017-03-07 11:00,rain,katkam-20170307110000
2016-12-05 08:00,,katkam-20161205080000
2016-09-25 12:00,cloudy,katkam-20160925120000
2017-10-16 18:00,rain,katkam-20171016180000
2016-12-10 11:00,rain,katkam-20161210110000
2017-07-17 17:00,cloudy,katkam-20170717170000
2016-07-06 08:00,cloudy,katkam-20160706080000
2017-03-06 13:00,cloudy,katkam-20170306130000
2016-12-20 09:00,cloudy,katkam-20161220090000
2016-06-15 19:00,"clear,cloudy",katkam-20160615190000
2016-08-29 09:00,"rain,fog",katkam-20160829090000
2017-02-18 16:00,rain,katkam-20170218160000
2017-06-02 08:00,cloudy,katkam-20170602080000
2016-10-31 10:00,"rain,fog",katkam-20161031100000
2016-06-05 20:00,clear,katkam-20160605200000
2017-03-26 08:00,rain,katkam-20170326080000
2016-10-17 06:00,rain,katkam-20161017060000
2016-06-16 07:00,"clear,cloudy",katkam-20160616070000
2017-06-03 19:00,clear,katkam-20170603190000
2017-09-11 08:00,clear,katkam-20170911080000
2017-10-30 10:00,clear,katkam-20171030100000
2016-08-07 06:00,cloudy,katkam-20160807060000
2016-12-21 12:00,cloudy,katkam-20161221120000
2016-11-16 15:00,cloudy,katkam-20161116150000
2016-11-25 13:00,cloudy,katkam-20161125130000
2016-10-23 17:00,cloudy,katkam-20161023170000
2016-10-21 10:00,cloudy,katkam-20161021100000
2017-07-22 06:00,cloudy,katkam-20170722060000
2017-06-24 19:00,clear,katkam-20170624190000
2016-07-20 13:00,clear,katkam-20160720130000
2017-02-16 15:00,cloudy,katkam-20170216150000
2017-09-18 11:00,cloudy,katkam-20170918110000
2017-08-25 16:00,clear,katkam-20170825160000
2017-10-19 17:00,rain,katkam-20171019170000
2016-12-08 13:00,clear,katkam-20161208130000
2016-06-25 14:00,clear,katkam-20160625140000
2016-10-19 09:00,cloudy,katkam-20161019090000
2016-12-25 07:00,clear,katkam-20161225070000
2016-11-06 07:00,rain,katkam-20161106070000
2017-04-30 14:00,clear,katkam-20170430140000
2017-10-16 15:00,rain,katkam-20171016150000
2016-11-27 15:00,rain,katkam-20161127150000
2016-12-23 06:00,rain,katkam-20161223060000
2016-08-17 07:00,clear,katkam-20160817070000
2017-08-15 15:00,clear,katkam-20170815150000
2016-06-19 20:00,clear,katkam-20160619200000
2016-06-05 11:00,clear,katkam-20160605110000
2016-11-10 15:00,cloudy,katkam-20161110150000
2017-09-24 18:00,cloudy,katkam-20170924180000
2017-07-11 07:00,cloudy,katkam-20170711070000
2017-06-21 19:00,clear,katkam-20170621190000
2016-11-03 12:00,cloudy,katkam-20161103120000
2016-07-11 06:00,cloudy,katkam-20160711060000
2016-09-26 14:00,clear,katkam-20160926140000
2017-05-17 19:00,cloudy,katkam-20170517190000
2017-08-04 20:00,cloudy,katkam-20170804200000
2017-02-13 09:00,"clear,cloudy",katkam-20170213090000
2017-03-26 12:00,rain,katkam-20170326120000
2017-07-19 07:00,clear,katkam-20170719070000
2017-10-03 10:00,clear,katkam-20171003100000
2016-10-31 08:00,"rain,fog",katkam-20161031080000
2016-08-19 19:00,clear,katkam-20160819190000
2017-03-04 09:00,cloudy,katkam-20170304090000
2016-12-09 13:00,"fog,snow",katkam-20161209130000
2017-01-18 08:00,rain,katkam-20170118080000
2016-07-07 12:00,rain,katkam-20160707120000
2016-07-28 07:00,clear,katkam-20160728070000
2017-05-27 10:00,"clear,cloudy",katkam-20170527100000
2017-10-10 16:00,cloudy,katkam-20171010160000
2017-04-14 18:00,clear,katkam-20170414180000
2016-11-22 16:00,rain,katkam-20161122160000
2017-07-16 15:00,clear,katkam-20170716150000
2017-06-29 08:00,clear,katkam-20170629080000
2017-06-04 06:00,cloudy,katkam-20170604060000
2017-09-18 14:00,cloudy,katkam-20170918140000
2016-09-11 16:00,clear,katkam-20160911160000
2017-08-22 12:00,clear,katkam-20170822120000
2016-11-28 13:00,cloudy,katkam-20161128130000
2017-04-17 10:00,cloudy,katkam-20170417100000
2016-08-12 08:00,clear,katkam-20160812080000
2017-06-05 09:00,clear,katkam-20170605090000
2016-06-29 10:00,clear,katkam-20160629100000
2017-01-10 10:00,cloudy,katkam-20170110100000
2017-05-22 08:00,clear,katkam-20170522080000
2017-03-01 10:00,cloudy,katkam-20170301100000
2016-06-20 06:00,clear,katkam-20160620060000
2017-02-07 11:00,"clear,cloudy",katkam-20170207110000
2017-08-07 09:00,cloudy,katkam-20170807090000
2017-04-21 10:00,clear,katkam-20170421100000
2017-06-16 09:00,cloudy,katkam-20170616090000
2016-09-15 07:00,clear,katkam-20160915070000
2017-03-24 12:00,rain,katkam-20170324120000
2017-10-24 15:00,clear,katkam-20171024150000
2017-07-01 16:00,clear,katkam-20170701160000
2017-04-01 06:00,"rain,fog",katkam-20170401060000
2017-05-06 11:00,,katkam-20170506110000
2016-09-13 15:00,cloudy,katkam-20160913150000
2017-08-11 09:00,cloudy,katkam-20170811090000
2017-09-01 08:00,clear,katkam-20170901080000
2017-10-15 18:00,cloudy,katkam-20171015180000
2016-06-16 08:00,cloudy,katkam-20160616080000
2017-09-06 18:00,cloudy,katkam-20170906180000
2016-08-19 20:00,clear,katkam-20160819200000
2016-10-02 19:00,clear,katkam-20161002190000
2016-10-30 12:00,cloudy,katkam-20161030120000
2016-12-23 17:00,rain,katkam-20161223170000
2016-12-27 10:00,cloudy,katkam-20161227100000
2017-08-19 16:00,clear,katkam-20170819160000
2017-02-13 12:00,"clear,cloudy",katkam-20170213120000
2016-07-30 08:00,,katkam-20160730080000
2016-09-17 08:00,rain,katkam-20160917080000
2017-03-28 06:00,rain,katkam-20170328060000
2016-09-28 19:00,clear,katkam-20160928190000
2016-09-05 14:00,cloudy,katkam-20160905140000
2016-10-11 12:00,clear,katkam-20161011120000
2016-11-09 13:00,,katkam-20161109130000
2016-08-21 12:00,cloudy,katkam-20160821120000
2016-07-10 11:00,clear,katkam-20160710110000
2016-11-18 12:00,cloudy,katkam-20161118120000
2017-09-27 13:00,clear,katkam-20170927130000
2017-10-27 13:00,clear,katkam-20171027130000
2016-06-12 15:00,clear,katkam-20160612150000
2017-03-26 16:00,rain,katkam-20170326160000
2016-07-25 20:00,clear,katkam-20160725200000
2016-09-18 10:00,cloudy,katkam-20160918100000
2016-08-11 18:00,clear,katkam-20160811180000
2017-04-02 10:00,clear,katkam-20170402100000
2017-05-05 19:00,cloudy,katkam-20170505190000
2017-05-30 11:00,rain,katkam-20170530110000
2016-11-18 09:00,cloudy,katkam-20161118090000
2017-06-25 10:00,clear,katkam-20170625100000
2016-08-09 08:00,"rain,fog",katkam-20160809080000
2017-10-04 09:00,clear,katkam-20171004090000
2017-10-01 12:00,clear,katkam-20171001120000
2017-09-10 16:00,cloudy,katkam-20170910160000
2017-03-22 07:00,cloudy,katkam-20170322070000
2016-07-25 11:00,clear,katkam-20160725110000
2016-08-07 15:00,cloudy,katkam-20160807150000
2016-11-05 11:00,rain,katkam-20161105110000
2017-03-06 09:00,"clear,cloudy",katkam-20170306090000
2017-05-25 17:00,cloudy,katkam-20170525170000
2016-11-21 07:00,cloudy,katkam-20161121070000
2016-12-15 17:00,clear,katkam-20161215170000
2016-06-20 12:00,"clear,cloudy",katkam-20160620120000
2016-10-31 11:00,"rain,fog",katkam-20161031110000
2016-10-27 14:00,rain,katkam-20161027140000
2017-03-20 15:00,cloudy,katkam-20170320150000
2016-11-07 06:00,cloudy,katkam-20161107060000
2016-10-19 07:00,cloudy,katkam-20161019070000
2016-10-15 11:00,rain,katkam-20161015110000
2016-12-09 06:00,clear,katkam-20161209060000
2016-11-12 10:00,rain,katkam-20161112100000
2017-01-01 14:00,cloudy,katkam-20170101140000
2017-06-20 15:00,clear,katkam-20170620150000
2016-07-25 06:00,clear,katkam-20160725060000
2016-11-30 07:00,"rain,fog",katkam-20161130070000
2016-12-15 13:00,clear,katkam-20161215130000
2016-11-17 11:00,cloudy,katkam-20161117110000
2017-03-10 09:00,cloudy,katkam-20170310090000
2017-08-26 16:00,clear,katkam-20170826160000
2016-09-19 13:00,cloudy,katkam-20160919130000
2016-07-12 06:00,clear,katkam-20160712060000
2016-11-09 14:00,cloudy,katkam-20161109140000
2017-05-11 07:00,rain,katkam-20170511070000
2017-01-27 07:00,cloudy,katkam-20170127070000
2016-12-21 09:00,cloudy,katkam-20161221090000
2017-09-14 07:00,clear,katkam-20170914070000
2017-10-15 13:00,clear,katkam-20171015130000
2017-04-07 06:00,rain,katkam-20170407060000
2017-02-04 16:00,"rain,snow",katkam-20170204160000
2017-06-07 06:00,cloudy,katkam-20170607060000
2017-01-30 12:00,cloudy,katkam-20170130120000
2016-12-30 11:00,cloudy,katkam-20161230110000
2016-08-29 06:00,"rain,fog",katkam-20160829060000
2016-09-16 11:00,cloudy,katkam-20160916110000
2016-09-15 10:00,clear,katkam-20160915100000
2016-12-26 16:00,"rain,fog",katkam-20161226160000
2016-10-01 19:00,cloudy,katkam-20161001190000
2017-04-23 09:00,cloudy,katkam-20170423090000
2017-08-14 14:00,cloudy,katkam-20170814140000
2016-06-26 09:00,clear,katkam-20160626090000
2017-05-04 06:00,cloudy,katkam-20170504060000
2017-01-21 17:00,cloudy,katkam-20170121170000
2017-06-19 06:00,cloudy,katkam-20170619060000
2016-10-10 17:00,clear,katkam-20161010170000
2017-04-21 16:00,clear,katkam-20170421160000
2017-09-29 07:00,rain,katkam-20170929070000
2017-08-30 20:00,"clear,cloudy",katkam-20170830200000
2017-03-02 10:00,"cloudy,rain",katkam-20170302100000
2017-02-18 07:00,,katkam-20170218070000
2016-10-25 14:00,cloudy,katkam-20161025140000
2017-09-11 20:00,cloudy,katkam-20170911200000
2016-11-06 06:00,rain,katkam-20161106060000
2016-09-09 15:00,clear,katkam-20160909150000
2016-08-26 12:00,clear,katkam-20160826120000
2017-04-27 18:00,clear,katkam-20170427180000
2017-07-01 09:00,cloudy,katkam-20170701090000
2017-09-29 18:00,cloudy,katkam-20170929180000
2017-10-19 10:00,rain,katkam-20171019100000
2016-08-02 19:00,cloudy,katkam-20160802190000
2017-08-06 07:00,cloudy,katkam-20170806070000
2017-06-08 16:00,cloudy,katkam-20170608160000
2017-07-17 07:00,clear,katkam-20170717070000
2016-06-26 15:00,clear,katkam-20160626150000
2016-07-14 13:00,clear,katkam-20160714130000
2016-10-18 11:00,rain,katkam-20161018110000
2017-03-28 08:00,rain,katkam-20170328080000
2017-07-20 16:00,clear,katkam-20170720160000
2016-09-29 13:00,clear,katkam-20160929130000
2017-08-11 20:00,cloudy,katkam-20170811200000
2017-05-31 19:00,"cloudy,rain",katkam-20170531190000
2016-10-24 17:00,,katkam-20161024170000
2017-08-02 19:00,cloudy,katkam-20170802190000
2017-03-27 06:00,"cloudy,rain",katkam-20170327060000
2017-01-11 14:00,"clear,cloudy",katkam-20170111140000
2016-08-14 13:00,clear,katkam-20160814130000
2017-08-20 16:00,clear,katkam-20170820160000
2017-03-27 17:00,cloudy,katkam-20170327170000
2017-09-17 13:00,rain,katkam-20170917130000
2017-06-10 19:00,cloudy,katkam-20170610190000
2016-10-02 17:00,clear,katkam-20161002170000
2017-01-14 11:00,"clear,cloudy",katkam-20170114110000
2017-08-09 07:00,cloudy,katkam-20170809070000
2016-11-07 11:00,cloudy,katkam-20161107110000
2017-03-27 10:00,"cloudy,rain",katkam-20170327100000
2017-08-04 17:00,cloudy,katkam-20170804170000
2016-07-04 21:00,cloudy,katkam-20160704210000
2017-06-26 20:00,clear,katkam-20170626200000
2016-08-13 07:00,clear,katkam-20160813070000
2017-05-26 17:00,"clear,cloudy",katkam-20170526170000
2016-12-22 15:00,cloudy,katkam-20161222150000
2016-06-28 07:00,clear,katkam-20160628070000
2016-10-29 13:00,rain,katkam-20161029130000
2017-10-29 11:00,"rain,fog",katkam-20171029110000
2016-10-13 17:00,cloudy,katkam-20161013170000
2016-10-27 09:00,cloudy,katkam-20161027090000
2016-12-02 15:00,rain,katkam-20161202150000
2016-08-20 20:00,clear,katkam-20160820200000
2016-10-23 08:00,cloudy,katkam-20161023080000
2017-09-18 18:00,cloudy,katkam-20170918180000
2017-09-06 07:00,cloudy,katkam-20170906070000
2017-10-27 10:00,clear,katkam-20171027100000
2017-09-02 06:00,clear,katkam-20170902060000
2017-07-26 17:00,clear,katkam-20170726170000
2016-12-25 13:00,"clear,cloudy",katkam-20161225130000
2016-08-09 10:00,"rain,fog",katkam-20160809100000
2016-09-06 09:00,cloudy,katkam-20160906090000
2017-02-06 12:00,"cloudy,snow",katkam-20170206120000
2017-02-15 12:00,rain,katkam-20170215120000
2017-02-24 07:00,cloudy,katkam-20170224070000
2017-03-06 17:00,cloudy,katkam-20170306170000
2017-10-11 13:00,cloudy,katkam-20171011130000
2017-10-06 06:00,,katkam-20171006060000
2017-10-12 18:00,clear,katkam-20171012180000
2016-08-21 13:00,cloudy,katkam-20160821130000
2017-10-05 08:00,clear,katkam-20171005080000
2016-12-13 09:00,clear,katkam-20161213090000
2017-06-05 15:00,"clear,cloudy",katkam-20170605150000
2017-06-21 16:00,clear,katkam-20170621160000
2017-01-24 15:00,cloudy,katkam-20170124150000
2017-07-01 06:00,cloudy,katkam-20170701060000
2016-10-02 14:00,clear,katkam-20161002140000
2017-07-03 16:00,clear,katkam-20170703160000
2017-08-24 11:00,clear,katkam-20170824110000
2016-10-31 07:00,"rain,fog",katkam-20161031070000
2016-11-06 17:00,cloudy,katkam-20161106170000
2017-02-10 14:00,rain,katkam-20170210140000
2017-10-26 11:00,clear,katkam-20171026110000
2016-08-02 16:00,cloudy,katkam-20160802160000
2016-11-21 14:00,cloudy,katkam-20161121140000
2016-12-11 17:00,rain,katkam-20161211170000
2017-07-26 11:00,clear,katkam-20170726110000
2017-04-19 09:00,cloudy,katkam-20170419090000
2017-02-21 15:00,cloudy,katkam-20170221150000
2017-06-21 12:00,clear,katkam-20170621120000
2017-10-07 08:00,cloudy,katkam-20171007080000
2016-09-26 17:00,clear,katkam-20160926170000
2017-10-23 15:00,cloudy,katkam-20171023150000
2017-05-11 19:00,rain,katkam-20170511190000
2016-07-09 14:00,cloudy,katkam-20160709140000
2017-08-05 17:00,cloudy,katkam-20170805170000
2017-04-28 12:00,"clear,cloudy",katkam-20170428120000
2016-08-04 19:00,clear,katkam-20160804190000
2016-12-24 10:00,cloudy,katkam-20161224100000
2016-09-02 07:00,rain,katkam-20160902070000
2017-07-24 06:00,clear,katkam-20170724060000
2017-08-25 06:00,cloudy,katkam-20170825060000
2017-02-27 11:00,cloudy,katkam-20170227110000
2017-06-28 08:00,"clear,cloudy",katkam-20170628080000
2017-03-30 10:00,"clear,cloudy",katkam-20170330100000
2017-08-14 11:00,cloudy,katkam-20170814110000
2016-06-10 16:00,cloudy,katkam-20160610160000
2016-12-24 11:00,,katkam-20161224110000
2017-05-29 12:00,"clear,cloudy",katkam-20170529120000
2017-03-05 15:00,rain,katkam-20170305150000
2017-09-01 16:00,clear,katkam-20170901160000
2017-07-30 14:00,clear,katkam-20170730140000
2017-08-18 19:00,"clear,cloudy",katkam-20170818190000
2016-11-30 16:00,clear,katkam-20161130160000
2017-03-26 06:00,cloudy,katkam-20170326060000
2017-02-23 16:00,"clear,cloudy",katkam-20170223160000
2016-06-08 17:00,cloudy,katkam-20160608170000
2017-07-13 09:00,cloudy,katkam-20170713090000
2017-06-08 08:00,rain,katkam-20170608080000
2017-03-02 15:00,rain,katkam-20170302150000
2017-03-28 18:00,rain,katkam-20170328180000
2016-06-29 07:00,clear,katkam-20160629070000
2017-01-31 17:00,clear,katkam-20170131170000
2016-08-11 11:00,clear,katkam-20160811110000
2016-11-16 10:00,,katkam-20161116100000
2017-07-12 11:00,cloudy,katkam-20170712110000
2016-07-11 10:00,cloudy,katkam-20160711100000
2016-11-14 07:00,cloudy,katkam-20161114070000
2016-07-24 20:00,clear,katkam-20160724200000
2016-07-06 13:00,cloudy,katkam-20160706130000
2017-03-06 16:00,cloudy,katkam-20170306160000
2017-04-12 13:00,rain,katkam-20170412130000
2017-05-28 07:00,clear,katkam-20170528070000
2017-06-13 13:00,cloudy,katkam-20170613130000
2017-04-10 18:00,cloudy,katkam-20170410180000
2017-09-30 12:00,rain,katkam-20170930120000
2016-10-06 15:00,"cloudy,rain",katkam-20161006150000
2017-02-19 17:00,rain,katkam-20170219170000
2017-09-16 18:00,cloudy,katkam-20170916180000
2017-04-23 13:00,cloudy,katkam-20170423130000
2017-04-25 13:00,cloudy,katkam-20170425130000
2016-10-27 16:00,rain,katkam-20161027160000
2017-01-25 11:00,cloudy,katkam-20170125110000
2016-06-24 12:00,cloudy,katkam-20160624120000
2016-10-08 10:00,rain,katkam-20161008100000
2017-07-02 16:00,clear,katkam-20170702160000
2017-10-10 18:00,"clear,cloudy",katkam-20171010180000
2017-04-05 06:00,rain,katkam-20170405060000
2016-09-13 13:00,clear,katkam-20160913130000
2017-02-28 15:00,cloudy,katkam-20170228150000
2016-07-29 14:00,clear,katkam-20160729140000
2017-02-21 13:00,cloudy,katkam-20170221130000
2017-03-01 15:00,cloudy,katkam-20170301150000
2016-07-19 19:00,clear,katkam-20160719190000
2017-07-13 10:00,"clear,cloudy",katkam-20170713100000
2017-05-18 17:00,cloudy,katkam-20170518170000
2017-02-25 15:00,cloudy,katkam-20170225150000
2017-07-15 21:00,clear,katkam-20170715210000
2017-03-20 13:00,cloudy,katkam-20170320130000
2017-07-16 19:00,clear,katkam-20170716190000
2016-07-20 09:00,clear,katkam-20160720090000
2017-04-14 11:00,cloudy,katkam-20170414110000
2016-06-22 11:00,cloudy,katkam-20160622110000
2017-01-24 08:00,cloudy,katkam-20170124080000
2017-08-05 15:00,cloudy,katkam-20170805150000
2017-10-13 07:00,clear,katkam-20171013070000
2017-08-23 12:00,cloudy,katkam-20170823120000
2016-11-11 08:00,cloudy,katkam-20161111080000
2017-10-28 09:00,,katkam-20171028090000
2017-01-11 12:00,clear,katkam-20170111120000
2016-07-04 15:00,cloudy,katkam-20160704150000
2016-09-12 16:00,clear,katkam-20160912160000
2017-07-13 19:00,clear,katkam-20170713190000
2017-07-06 08:00,clear,katkam-20170706080000
2017-03-22 15:00,cloudy,katkam-20170322150000
2017-06-19 16:00,clear,katkam-20170619160000
2017-05-29 19:00,,katkam-20170529190000
2017-03-16 09:00,cloudy,katkam-20170316090000
2017-06-13 15:00,cloudy,katkam-20170613150000
2017-03-10 16:00,cloudy,katkam-20170310160000
2016-06-30 15:00,,katkam-20160630150000
2017-02-17 16:00,cloudy,katkam-20170217160000
2017-06-10 06:00,cloudy,katkam-20170610060000
2017-01-15 08:00,cloudy,katkam-20170115080000
2017-09-05 06:00,cloudy,katkam-20170905060000
2017-02-12 06:00,cloudy,katkam-20170212060000
2016-07-22 12:00,cloudy,katkam-20160722120000
2016-12-10 09:00,rain,katkam-20161210090000
2017-09-12 15:00,cloudy,katkam-20170912150000
2016-08-29 08:00,"rain,fog",katkam-20160829080000
2017-09-18 12:00,cloudy,katkam-20170918120000
2016-09-24 14:00,clear,katkam-20160924140000
2017-03-16 08:00,cloudy,katkam-20170316080000
2017-08-14 18:00,cloudy,katkam-20170814180000
2016-09-27 07:00,clear,katkam-20160927070000
2017-01-13 09:00,cloudy,katkam-20170113090000
2017-08-19 09:00,cloudy,katkam-20170819090000
2017-02-06 11:00,"cloudy,snow",katkam-20170206110000
2017-05-21 16:00,cloudy,katkam-20170521160000
2017-10-23 12:00,cloudy,katkam-20171023120000
2017-02-18 10:00,rain,katkam-20170218100000
2016-10-17 15:00,rain,katkam-20161017150000
2017-01-20 10:00,"clear,cloudy",katkam-20170120100000
2017-05-30 12:00,rain,katkam-20170530120000
2017-01-30 08:00,cloudy,katkam-20170130080000
2017-07-18 15:00,clear,katkam-20170718150000
2016-06-10 08:00,cloudy,katkam-20160610080000
2017-04-26 11:00,cloudy,katkam-20170426110000
2017-03-30 11:00,"clear,cloudy",katkam-20170330110000
2017-07-19 12:00,clear,katkam-20170719120000
2017-09-02 18:00,clear,katkam-20170902180000
2017-06-01 11:00,"cloudy,rain",katkam-20170601110000
2016-07-25 07:00,clear,katkam-20160725070000
2017-10-27 17:00,clear,katkam-20171027170000
2016-10-27 07:00,rain,katkam-20161027070000
2017-02-08 07:00,clear,katkam-20170208070000
2017-06-14 13:00,cloudy,katkam-20170614130000
2017-08-03 18:00,cloudy,katkam-20170803180000
2017-02-27 09:00,cloudy,katkam-20170227090000
2017-02-13 08:00,"clear,cloudy",katkam-20170213080000
2016-07-03 15:00,clear,katkam-20160703150000
2016-10-26 10:00,"cloudy,rain",katkam-20161026100000
2017-03-13 11:00,rain,katkam-20170313110000
2017-09-06 14:00,cloudy,katkam-20170906140000
2017-06-15 08:00,rain,katkam-20170615080000
2017-07-20 21:00,clear,katkam-20170720210000
2016-08-14 15:00,clear,katkam-20160814150000
2016-12-14 15:00,cloudy,katkam-20161214150000
2016-11-04 11:00,cloudy,katkam-20161104110000
2016-08-20 16:00,"clear,cloudy",katkam-20160820160000
2017-05-16 07:00,rain,katkam-20170516070000
2016-11-01 18:00,rain,katkam-20161101180000
2016-08-21 20:00,cloudy,katkam-20160821200000
2016-11-27 16:00,rain,katkam-20161127160000
2017-08-07 16:00,cloudy,katkam-20170807160000
2017-05-15 19:00,"rain,fog",katkam-20170515190000
2016-09-27 19:00,clear,katkam-20160927190000
2017-06-01 19:00,cloudy,katkam-20170601190000
2017-02-07 06:00,,katkam-20170207060000
2017-05-01 16:00,cloudy,katkam-20170501160000
2016-10-13 16:00,cloudy,katkam-20161013160000
2017-06-15 11:00,rain,katkam-20170615110000
2016-07-31 19:00,clear,katkam-20160731190000
2016-11-11 13:00,cloudy,katkam-20161111130000
2017-07-16 11:00,clear,katkam-20170716110000
2016-08-08 18:00,cloudy,katkam-20160808180000
2017-10-03 15:00,cloudy,katkam-20171003150000
2017-09-16 13:00,cloudy,katkam-20170916130000
2017-04-16 09:00,cloudy,katkam-20170416090000
2017-06-08 10:00,rain,katkam-20170608100000
2017-04-22 09:00,cloudy,katkam-20170422090000
2017-04-16 10:00,cloudy,katkam-20170416100000
2016-11-26 17:00,rain,katkam-20161126170000
2017-10-17 08:00,"cloudy,rain",katkam-20171017080000
2017-07-05 15:00,clear,katkam-20170705150000
2016-06-15 10:00,cloudy,katkam-20160615100000
2016-07-07 18:00,rain,katkam-20160707180000
2017-09-27 09:00,clear,katkam-20170927090000
2017-06-18 19:00,"cloudy,rain",katkam-20170618190000
2016-09-15 16:00,clear,katkam-20160915160000
2017-08-13 18:00,"clear,cloudy",katkam-20170813180000
2017-04-28 14:00,clear,katkam-20170428140000
2016-10-23 12:00,cloudy,katkam-20161023120000
2017-03-07 06:00,cloudy,katkam-20170307060000
2017-03-25 11:00,cloudy,katkam-20170325110000
2016-09-04 14:00,clear,katkam-20160904140000
2016-08-25 16:00,clear,katkam-20160825160000
2017-04-04 19:00,rain,katkam-20170404190000
2017-08-29 19:00,cloudy,katkam-20170829190000
2017-06-12 11:00,cloudy,katkam-20170612110000
2017-03-17 14:00,"cloudy,rain",katkam-20170317140000
2016-12-30 09:00,fog,katkam-20161230090000
2017-10-22 16:00,cloudy,katkam-20171022160000
2016-10-07 16:00,cloudy,katkam-20161007160000
2016-07-29 09:00,clear,katkam-20160729090000
2017-09-13 11:00,clear,katkam-20170913110000
2016-08-08 11:00,cloudy,katkam-20160808110000
2016-12-01 06:00,"clear,cloudy",katkam-20161201060000
2017-09-11 14:00,clear,katkam-20170911140000
2017-07-13 14:00,clear,katkam-20170713140000
2017-03-15 11:00,"cloudy,rain",katkam-20170315110000
2017-05-19 18:00,cloudy,katkam-20170519180000
2017-03-27 09:00,"cloudy,rain",katkam-20170327090000
2016-12-05 11:00,"rain,fog,snow",katkam-20161205110000
2016-12-02 07:00,cloudy,katkam-20161202070000
2016-09-07 14:00,cloudy,katkam-20160907140000
2016-07-04 19:00,cloudy,katkam-20160704190000
2017-07-26 07:00,clear,katkam-20170726070000
2017-07-18 07:00,cloudy,katkam-20170718070000
2017-08-24 20:00,cloudy,katkam-20170824200000
2017-04-13 07:00,cloudy,katkam-20170413070000
2016-10-29 15:00,cloudy,katkam-20161029150000
2017-03-02 09:00,cloudy,katkam-20170302090000
2017-06-07 17:00,cloudy,katkam-20170607170000
2017-07-06 17:00,clear,katkam-20170706170000
2017-02-26 15:00,cloudy,katkam-20170226150000
2016-09-10 20:00,clear,katkam-20160910200000
2017-03-13 16:00,rain,katkam-20170313160000
2017-01-10 11:00,cloudy,katkam-20170110110000
2017-10-04 06:00,clear,katkam-20171004060000
2017-10-24 13:00,clear,katkam-20171024130000
2016-10-01 14:00,cloudy,katkam-20161001140000
2017-02-13 15:00,"clear,cloudy",katkam-20170213150000
2017-10-05 15:00,cloudy,katkam-20171005150000
2017-05-13 14:00,cloudy,katkam-20170513140000
2017-08-09 14:00,cloudy,katkam-20170809140000
2016-11-15 09:00,rain,katkam-20161115090000
2016-11-05 15:00,cloudy,katkam-20161105150000
2017-02-16 17:00,cloudy,katkam-20170216170000
2016-07-19 18:00,clear,katkam-20160719180000
2017-08-17 06:00,clear,katkam-20170817060000
2017-10-19 07:00,rain,katkam-20171019070000
2016-07-13 18:00,clear,katkam-20160713180000
2017-07-13 07:00,clear,katkam-20170713070000
2017-10-21 14:00,rain,katkam-20171021140000
2017-03-28 16:00,rain,katkam-20170328160000
2016-12-05 16:00,,katkam-20161205160000
2016-07-01 15:00,cloudy,katkam-20160701150000
2017-05-27 16:00,clear,katkam-20170527160000
2017-10-05 12:00,clear,katkam-20171005120000
2016-09-20 11:00,clear,katkam-20160920110000
2017-06-08 17:00,,katkam-20170608170000
2017-08-03 12:00,cloudy,katkam-20170803120000
2017-06-10 16:00,cloudy,katkam-20170610160000
2016-09-06 20:00,"clear,cloudy",katkam-20160906200000
2016-11-18 17:00,cloudy,katkam-20161118170000
2017-09-22 06:00,clear,katkam-20170922060000
2016-11-24 09:00,rain,katkam-20161124090000
2017-08-24 13:00,clear,katkam-20170824130000
2016-08-23 08:00,clear,katkam-20160823080000
2016-07-08 13:00,cloudy,katkam-20160708130000
2017-05-29 17:00,"clear,cloudy",katkam-20170529170000
2017-09-19 11:00,cloudy,katkam-20170919110000
2017-10-31 16:00,cloudy,katkam-20171031160000
2016-08-07 08:00,cloudy,katkam-20160807080000
2016-06-18 16:00,rain,katkam-20160618160000
2016-12-02 06:00,,katkam-20161202060000
2017-05-24 11:00,clear,katkam-20170524110000
2017-08-15 06:00,cloudy,katkam-20170815060000
2016-07-14 07:00,clear,katkam-20160714070000
2016-09-12 14:00,clear,katkam-20160912140000
2016-08-23 12:00,clear,katkam-20160823120000
2016-12-27 15:00,cloudy,katkam-20161227150000
2017-07-05 08:00,clear,katkam-20170705080000
2016-12-31 07:00,"fog,snow",katkam-20161231070000
2017-03-26 17:00,rain,katkam-20170326170000
2017-09-09 16:00,rain,katkam-20170909160000
2016-07-21 18:00,clear,katkam-20160721180000
2016-08-26 08:00,clear,katkam-20160826080000
2016-07-11 15:00,,katkam-20160711150000
2017-09-27 07:00,"clear,cloudy",katkam-20170927070000
2017-02-01 17:00,clear,katkam-20170201170000
2017-04-01 14:00,cloudy,katkam-20170401140000
2017-09-04 20:00,cloudy,katkam-20170904200000
2016-09-01 19:00,cloudy,katkam-20160901190000
2016-06-26 19:00,clear,katkam-20160626190000
2016-06-10 18:00,cloudy,katkam-20160610180000
2017-04-19 11:00,cloudy,katkam-20170419110000
2016-09-25 14:00,cloudy,katkam-20160925140000
2017-05-16 10:00,cloudy,katkam-20170516100000
2016-09-04 13:00,clear,katkam-20160904130000
2016-10-20 18:00,clear,katkam-20161020180000
2017-05-21 09:00,clear,katkam-20170521090000
2017-05-25 13:00,cloudy,katkam-20170525130000
2016-06-16 15:00,cloudy,katkam-20160616150000
2016-06-08 14:00,clear,katkam-20160608140000
2016-06-19 14:00,cloudy,katkam-20160619140000
2017-10-06 11:00,cloudy,katkam-20171006110000
2016-09-12 19:00,clear,katkam-20160912190000
2017-10-08 10:00,clear,katkam-20171008100000
2016-10-03 07:00,cloudy,katkam-20161003070000
2017-01-05 16:00,cloudy,katkam-20170105160000
2016-12-22 14:00,cloudy,katkam-20161222140000
2017-04-30 07:00,cloudy,katkam-20170430070000
2017-03-03 07:00,rain,katkam-20170303070000
2017-04-29 18:00,rain,katkam-20170429180000
2017-02-01 09:00,clear,katkam-20170201090000
2017-09-24 10:00,cloudy,katkam-20170924100000
2017-05-04 17:00,cloudy,katkam-20170504170000
2016-10-21 17:00,cloudy,katkam-20161021170000
2017-10-16 16:00,rain,katkam-20171016160000
2017-07-13 08:00,cloudy,katkam-20170713080000
2017-08-01 08:00,cloudy,katkam-20170801080000
2016-07-18 08:00,cloudy,katkam-20160718080000
2017-05-25 14:00,cloudy,katkam-20170525140000
2016-10-04 15:00,cloudy,katkam-20161004150000
2016-06-19 07:00,cloudy,katkam-20160619070000
2016-10-08 18:00,rain,katkam-20161008180000
2017-06-28 07:00,cloudy,katkam-20170628070000
2017-05-23 09:00,"clear,cloudy",katkam-20170523090000
2017-05-06 18:00,"clear,cloudy",katkam-20170506180000
2017-10-10 08:00,cloudy,katkam-20171010080000
2017-04-17 13:00,cloudy,katkam-20170417130000
2017-08-11 13:00,cloudy,katkam-20170811130000
2016-08-18 08:00,clear,katkam-20160818080000
2016-08-13 06:00,cloudy,katkam-20160813060000
2016-12-28 08:00,cloudy,katkam-20161228080000
2016-11-30 09:00,"rain,fog",katkam-20161130090000
2017-06-10 21:00,cloudy,katkam-20170610210000
2016-09-22 19:00,cloudy,katkam-20160922190000
2017-03-31 14:00,cloudy,katkam-20170331140000
2017-03-07 10:00,"rain,snow",katkam-20170307100000
2016-07-30 16:00,"clear,cloudy",katkam-20160730160000
2017-04-27 13:00,cloudy,katkam-20170427130000
2017-01-31 12:00,"clear,cloudy",katkam-20170131120000
2017-07-29 07:00,clear,katkam-20170729070000
2016-10-10 07:00,clear,katkam-20161010070000
2017-05-07 13:00,cloudy,katkam-20170507130000
2016-08-01 15:00,clear,katkam-20160801150000
2016-11-21 06:00,cloudy,katkam-20161121060000
2017-10-24 06:00,cloudy,katkam-20171024060000
2017-08-20 07:00,cloudy,katkam-20170820070000
2017-02-25 12:00,cloudy,katkam-20170225120000
2016-07-21 11:00,clear,katkam-20160721110000
2017-09-13 06:00,,katkam-20170913060000
2017-04-24 08:00,"cloudy,rain",katkam-20170424080000
2017-10-02 15:00,cloudy,katkam-20171002150000
2016-09-20 17:00,clear,katkam-20160920170000
2016-06-13 21:00,cloudy,katkam-20160613210000
2017-06-23 11:00,clear,katkam-20170623110000
2016-10-16 09:00,rain,katkam-20161016090000
2016-10-09 19:00,cloudy,katkam-20161009190000
2017-05-08 19:00,,katkam-20170508190000
2016-10-28 08:00,cloudy,katkam-20161028080000
2017-10-15 12:00,clear,katkam-20171015120000
2017-02-11 12:00,cloudy,katkam-20170211120000
2017-03-14 14:00,rain,katkam-20170314140000
2017-06-28 10:00,clear,katkam-20170628100000
2016-11-02 08:00,cloudy,katkam-20161102080000
2016-07-25 08:00,clear,katkam-20160725080000
2016-10-07 10:00,cloudy,katkam-20161007100000
2017-07-30 20:00,clear,katkam-20170730200000
2016-08-13 16:00,clear,katkam-20160813160000
2017-10-04 15:00,cloudy,katkam-20171004150000
2016-12-06 12:00,clear,katkam-20161206120000
2017-07-09 06:00,"clear,cloudy",katkam-20170709060000
2017-06-05 13:00,cloudy,katkam-20170605130000
2017-08-23 18:00,cloudy,katkam-20170823180000
2017-09-15 13:00,clear,katkam-20170915130000
2016-09-08 06:00,cloudy,katkam-20160908060000
2017-10-03 16:00,"clear,cloudy",katkam-20171003160000
2017-06-07 18:00,cloudy,katkam-20170607180000
2016-08-28 12:00,cloudy,katkam-20160828120000
2016-10-14 13:00,"rain,fog",katkam-20161014130000
2016-10-24 07:00,cloudy,katkam-20161024070000
2016-08-07 09:00,cloudy,katkam-20160807090000
2017-07-28 13:00,clear,katkam-20170728130000
2017-04-14 13:00,,katkam-20170414130000
2017-01-28 17:00,cloudy,katkam-20170128170000
2016-07-11 20:00,cloudy,katkam-20160711200000
2016-12-20 15:00,clear,katkam-20161220150000
2017-02-10 06:00,rain,katkam-20170210060000
2016-10-27 12:00,"cloudy,rain",katkam-20161027120000
2017-09-29 17:00,cloudy,katkam-20170929170000
2016-07-19 16:00,clear,katkam-20160719160000
2016-12-03 16:00,cloudy,katkam-20161203160000
2016-10-08 19:00,rain,katkam-20161008190000
2016-09-03 15:00,cloudy,katkam-20160903150000
2016-11-25 16:00,cloudy,katkam-20161125160000
2016-09-09 13:00,cloudy,katkam-20160909130000
2017-02-17 14:00,cloudy,katkam-20170217140000
2016-10-17 17:00,cloudy,katkam-20161017170000
2017-07-07 18:00,clear,katkam-20170707180000
2017-02-18 06:00,,katkam-20170218060000
2017-08-24 08:00,clear,katkam-20170824080000
2017-08-24 10:00,clear,katkam-20170824100000
2016-07-25 09:00,clear,katkam-20160725090000
2017-09-21 12:00,cloudy,katkam-20170921120000
2017-05-15 15:00,rain,katkam-20170515150000
2017-10-11 15:00,cloudy,katkam-20171011150000
2017-05-19 07:00,cloudy,katkam-20170519070000
2016-10-03 18:00,cloudy,katkam-20161003180000
2017-09-01 14:00,clear,katkam-20170901140000
2016-06-24 13:00,cloudy,katkam-20160624130000
2017-04-08 17:00,rain,katkam-20170408170000
2017-07-07 17:00,clear,katkam-20170707170000
2016-12-24 14:00,cloudy,katkam-20161224140000
2016-12-07 07:00,clear,katkam-20161207070000
2017-08-21 10:00,clear,katkam-20170821100000
2016-09-06 13:00,cloudy,katkam-20160906130000
2017-09-18 19:00,cloudy,katkam-20170918190000
2017-08-29 20:00,cloudy,katkam-20170829200000
2017-07-31 08:00,clear,katkam-20170731080000
2017-09-03 15:00,clear,katkam-20170903150000
2017-08-02 11:00,cloudy,katkam-20170802110000
2017-06-07 16:00,cloudy,katkam-20170607160000
2016-06-15 09:00,cloudy,katkam-20160615090000
2017-10-25 15:00,cloudy,katkam-20171025150000
2017-06-26 16:00,cloudy,katkam-20170626160000
2017-10-29 12:00,rain,katkam-20171029120000
2017-08-19 13:00,clear,katkam-20170819130000
2017-07-15 09:00,clear,katkam-20170715090000
2016-07-12 21:00,"clear,cloudy",katkam-20160712210000
2016-12-23 13:00,rain,katkam-20161223130000
2017-01-06 12:00,cloudy,katkam-20170106120000
2017-02-16 08:00,cloudy,katkam-20170216080000
2017-05-18 15:00,cloudy,katkam-20170518150000
2016-09-24 06:00,cloudy,katkam-20160924060000
2017-04-11 14:00,cloudy,katkam-20170411140000
2016-10-17 19:00,,katkam-20161017190000
2016-06-16 21:00,cloudy,katkam-20160616210000
2017-06-29 09:00,clear,katkam-20170629090000
2017-04-13 12:00,cloudy,katkam-20170413120000
2017-06-10 11:00,cloudy,katkam-20170610110000
2017-06-03 16:00,clear,katkam-20170603160000
2017-07-24 08:00,clear,katkam-20170724080000
2016-08-17 08:00,clear,katkam-20160817080000
2016-08-18 07:00,clear,katkam-20160818070000
2017-02-10 08:00,cloudy,katkam-20170210080000
2017-03-16 06:00,cloudy,katkam-20170316060000
2016-09-13 10:00,clear,katkam-20160913100000
2017-02-01 08:00,clear,katkam-20170201080000
2017-06-02 19:00,cloudy,katkam-20170602190000
2017-02-12 08:00,cloudy,katkam-20170212080000
2017-05-25 20:00,clear,katkam-20170525200000
2017-05-21 20:00,clear,katkam-20170521200000
2016-11-21 16:00,cloudy,katkam-20161121160000
2017-05-19 10:00,cloudy,katkam-20170519100000
2016-10-22 07:00,rain,katkam-20161022070000
2016-10-13 08:00,rain,katkam-20161013080000
2016-09-20 09:00,clear,katkam-20160920090000
2016-09-22 17:00,clear,katkam-20160922170000
2017-03-21 17:00,rain,katkam-20170321170000
2017-02-02 08:00,clear,katkam-20170202080000
2017-04-02 12:00,clear,katkam-20170402120000
2017-08-15 09:00,clear,katkam-20170815090000
2017-03-23 15:00,cloudy,katkam-20170323150000
2016-10-24 18:00,cloudy,katkam-20161024180000
2017-09-07 09:00,cloudy,katkam-20170907090000
2016-12-05 15:00,"rain,snow",katkam-20161205150000
2017-05-06 14:00,cloudy,katkam-20170506140000
2016-08-20 11:00,clear,katkam-20160820110000
2017-10-12 16:00,cloudy,katkam-20171012160000
2016-07-01 14:00,cloudy,katkam-20160701140000
2016-06-26 12:00,clear,katkam-20160626120000
2016-10-15 06:00,rain,katkam-20161015060000
2017-07-08 15:00,clear,katkam-20170708150000
2017-09-10 06:00,cloudy,katkam-20170910060000
2017-10-10 11:00,"rain,fog",katkam-20171010110000
2017-05-11 11:00,"rain,fog",katkam-20170511110000
2017-02-26 09:00,cloudy,katkam-20170226090000
2017-08-23 07:00,cloudy,katkam-20170823070000
2017-07-16 09:00,cloudy,katkam-20170716090000
2017-07-08 13:00,clear,katkam-20170708130000
2017-06-18 06:00,rain,katkam-20170618060000
2016-09-27 10:00,cloudy,katkam-20160927100000
2016-10-29 17:00,cloudy,katkam-20161029170000
2017-03-20 07:00,cloudy,katkam-20170320070000
2017-03-20 12:00,cloudy,katkam-20170320120000
2017-02-24 06:00,cloudy,katkam-20170224060000
2017-08-30 07:00,cloudy,katkam-20170830070000
2017-07-25 19:00,clear,katkam-20170725190000
2017-08-03 15:00,cloudy,katkam-20170803150000
2016-10-05 19:00,cloudy,katkam-20161005190000
2016-08-14 20:00,clear,katkam-20160814200000
2017-05-30 10:00,rain,katkam-20170530100000
2016-12-05 07:00,"fog,snow",katkam-20161205070000
2017-09-02 12:00,clear,katkam-20170902120000
2017-07-12 17:00,"clear,cloudy",katkam-20170712170000
2016-09-03 08:00,,katkam-20160903080000
2017-05-28 13:00,clear,katkam-20170528130000
2016-09-23 08:00,rain,katkam-20160923080000
2017-06-01 13:00,cloudy,katkam-20170601130000
2017-10-19 14:00,"cloudy,rain",katkam-20171019140000
2016-06-07 21:00,cloudy,katkam-20160607210000
2017-03-16 13:00,"cloudy,rain",katkam-20170316130000
2016-10-03 11:00,cloudy,katkam-20161003110000
2016-09-17 18:00,cloudy,katkam-20160917180000
2017-09-26 18:00,clear,katkam-20170926180000
2017-06-27 20:00,clear,katkam-20170627200000
2016-11-02 18:00,,katkam-20161102180000
2016-06-14 13:00,rain,katkam-20160614130000
2016-11-22 14:00,rain,katkam-20161122140000
2017-07-09 10:00,cloudy,katkam-20170709100000
2016-11-26 15:00,rain,katkam-20161126150000
2017-05-14 12:00,cloudy,katkam-20170514120000
2016-08-12 18:00,clear,katkam-20160812180000
2017-06-04 16:00,"clear,cloudy",katkam-20170604160000
2017-07-05 20:00,clear,katkam-20170705200000
2017-06-05 14:00,cloudy,katkam-20170605140000
2017-04-07 16:00,cloudy,katkam-20170407160000
2017-06-04 09:00,cloudy,katkam-20170604090000
2017-10-27 11:00,clear,katkam-20171027110000
2017-07-27 21:00,clear,katkam-20170727210000
2017-01-02 08:00,cloudy,katkam-20170102080000
2017-06-22 15:00,clear,katkam-20170622150000
2017-08-01 12:00,cloudy,katkam-20170801120000
2016-08-02 09:00,cloudy,katkam-20160802090000
2017-09-20 15:00,cloudy,katkam-20170920150000
2016-08-11 19:00,clear,katkam-20160811190000
2017-07-09 14:00,clear,katkam-20170709140000
2017-07-17 12:00,cloudy,katkam-20170717120000
2017-05-03 12:00,"rain,fog",katkam-20170503120000
2016-08-12 19:00,clear,katkam-20160812190000
2017-05-12 14:00,cloudy,katkam-20170512140000
2016-07-25 13:00,clear,katkam-20160725130000
2016-12-21 08:00,cloudy,katkam-20161221080000
2017-07-30 10:00,clear,katkam-20170730100000
2017-10-02 13:00,clear,katkam-20171002130000
2017-06-18 18:00,"cloudy,rain",katkam-20170618180000
2017-06-22 17:00,clear,katkam-20170622170000
2016-09-23 13:00,rain,katkam-20160923130000
2017-08-11 15:00,cloudy,katkam-20170811150000
2017-07-12 10:00,cloudy,katkam-20170712100000
2017-08-28 17:00,"clear,cloudy",katkam-20170828170000
2016-08-19 13:00,clear,katkam-20160819130000
2017-04-17 11:00,cloudy,katkam-20170417110000
2017-10-26 09:00,cloudy,katkam-20171026090000
2017-07-23 21:00,clear,katkam-20170723210000
2017-08-13 19:00,clear,katkam-20170813190000
2017-03-29 10:00,"rain,fog",katkam-20170329100000
2017-06-17 09:00,cloudy,katkam-20170617090000
2016-06-20 15:00,clear,katkam-20160620150000
2017-06-27 06:00,clear,katkam-20170627060000
2016-12-15 07:00,clear,katkam-20161215070000
2017-09-26 15:00,clear,katkam-20170926150000
2017-07-16 13:00,clear,katkam-20170716130000
2017-04-24 06:00,cloudy,katkam-20170424060000
2016-06-28 18:00,clear,katkam-20160628180000
2017-07-08 10:00,clear,katkam-20170708100000
2017-09-25 17:00,cloudy,katkam-20170925170000
2017-02-15 17:00,rain,katkam-20170215170000
2016-12-24 06:00,,katkam-20161224060000
2017-10-30 06:00,clear,katkam-20171030060000
2016-10-12 13:00,cloudy,katkam-20161012130000
2017-01-01 08:00,cloudy,katkam-20170101080000
2016-11-03 06:00,cloudy,katkam-20161103060000
2016-08-27 15:00,cloudy,katkam-20160827150000
2016-06-24 15:00,cloudy,katkam-20160624150000
2016-10-08 16:00,"rain,fog",katkam-20161008160000
2017-09-16 12:00,cloudy,katkam-20170916120000
2016-06-08 15:00,cloudy,katkam-20160608150000
